Country,Code,Name,Level
AD,AD-02,Canillo,Parish
AD,AD-03,Encamp,Parish
AD,AD-04,La Massana,Parish
AD,AD-05,Ordino,Parish
AD,AD-06,Sant Julià de Lòria,Parish
AD,AD-07,Andorra la Vella,Parish
AD,AD-08,Escaldes-Engordany,Parish
AE,AE-AJ,Ajman,Emirate
AE,AE-AZ,Abu Dhabi,Emirate
AE,AE-DU,Dubai,Emirate
AE,AE-FU,Fujairah,Emirate
AE,AE-RK,Ras Al Khaimah,Emirate
AE,AE-SH,Sharjah,Emirate
AE,AE-UQ,Umm Al Quwain,Emirate
AF,AF-BAL,Balkh,Province
AF,AF-BAM,Bamyan,Province
AF,AF-BDG,Badghis,Province
AF,AF-BDS,Badakhshan,Province
AF,AF-BGL,Baghlan,Province
AF,AF-DAY,Daykundi,Province
AF,AF-FRA,Farah,Province
AF,AF-FYB,Faryab,Province
AF,AF-GHA,Ghazni,Province
AF,AF-GHO,Ghor,Province
AF,AF-HEL,Helmand,Province
AF,AF-HER,Herat,Province
AF,AF-JOW,Jowzjan,Province
AF,AF-KAB,Kabul,Province
AF,AF-KAN,Kandahar,Province
AF,AF-KAP,Kapisa,Province
AF,AF-KDZ,Kunduz,Province
AF,AF-KHO,Khost,Province
AF,AF-KNR,Kunar,Province
AF,AF-LAG,Laghman,Province
AF,AF-LOG,Logar,Province
AF,AF-NAN,Nangarhar,Province
AF,AF-NIM,Nimruz,Province
AF,AF-NUR,Nuristan,Province
AF,AF-PAN,Panjshir,Province
AF,AF-PAR,Parwan,Province
AF,AF-PIA,Paktia,Province
AF,AF-PKA,Paktika,Province
AF,AF-SAM,Samangan,Province
AF,AF-SAR,Sar-e Pol,Province
AF,AF-TAK,Takhar,Province
AF,AF-URU,Urozgan,Province
AF,AF-WAR,Maidan Wardak,Province
AF,AF-ZAB,Zabul,Province
AG,AG-03,Saint George,Parish
AG,AG-04,Saint John,Parish
AG,AG-05,Saint Mary,Parish
AG,AG-06,Saint Paul,Parish
AG,AG-07,Saint Peter,Parish
AG,AG-08,Saint Philip,Parish
AG,AG-10,Barbuda,Dependency
AG,AG-11,Redonda,Dependency
AL,AL-01,Berat,County
AL,AL-02,Durrës,County
AL,AL-03,Elbasan,County
AL,AL-04,Fier,County
AL,AL-05,Gjirokastër,County
AL,AL-06,Korçë,County
AL,AL-07,Kukës,County
AL,AL-08,Lezhë,County
AL,AL-09,Dibër,County
AL,AL-10,Shkodër,County
AL,AL-11,Tiranë,County
AL,AL-12,Vlorë,County
AM,AM-AG,Aragatsotn,Region
AM,AM-AR,Ararat,Region
AM,AM-AV,Armavir,Region
AM,AM-ER,Yerevan,City
AM,AM-GR,Gegharkunik,Region
AM,AM-KT,Kotayk,Region
AM,AM-LO,Lori,Region
AM,AM-SH,Shirak,Region
AM,AM-SU,Syunik,Region
AM,AM-TV,Tavush,Region
AM,AM-VD,Vayots Dzor,Region
AO,AO-BGO,Bengo,Province
AO,AO-BGU,Benguela,Province
AO,AO-BIE,Bié,Province
AO,AO-CAB,Cabinda,Province
AO,AO-CCU,Kuando Kubango,Province
AO,AO-CNN,Cunene,Province
AO,AO-CNO,Kwanza Norte,Province
AO,AO-CUS,Kwanza Sul,Province
AO,AO-HUA,Huambo,Province
AO,AO-HUI,Huíla,Province
AO,AO-LNO,Lunda Norte,Province
AO,AO-LSU,Lunda Sul,Province
AO,AO-LUA,Luanda,Province
AO,AO-MAL,Malange,Province
AO,AO-MOX,Moxico,Province
AO,AO-NAM,Namibe,Province
AO,AO-UIG,Uíge,Province
AO,AO-ZAI,Zaire,Province
AR,AR-A,Salta,Province
AR,AR-B,Buenos Aires,Province
AR,AR-C,Ciudad Autónoma de Buenos Aires,Federal District
AR,AR-D,San Luis,Province
AR,AR-E,Entre Ríos,Province
AR,AR-F,La Rioja,Province
AR,AR-G,Santiago del Estero,Province
AR,AR-H,Chaco,Province
AR,AR-J,San Juan,Province
AR,AR-K,Catamarca,Province
AR,AR-L,La Pampa,Province
AR,AR-M,Mendoza,Province
AR,AR-N,Misiones,Province
AR,AR-P,Formosa,Province
AR,AR-Q,Neuquén,Province
AR,AR-R,Río Negro,Province
AR,AR-S,Santa Fe,Province
AR,AR-T,Tucumán,Province
AR,AR-U,Chubut,Province
AR,AR-V,Tierra del Fuego,Province
AR,AR-W,Corrientes,Province
AR,AR-X,Córdoba,Province
AR,AR-Y,Jujuy,Province
AR,AR-Z,Santa Cruz,Province
AT,AT-1,Burgenland,State
AT,AT-2,Carinthia,State
AT,AT-3,Lower Austria,State
AT,AT-4,Upper Austria,State
AT,AT-5,Salzburg,State
AT,AT-6,Styria,State
AT,AT-7,Tyrol,State
AT,AT-8,Vorarlberg,State
AT,AT-9,Vienna,State
AU,AU-ACT,Australian Capital Territory,Territory
AU,AU-NSW,New South Wales,State
AU,AU-NT,Northern Territory,Territory
AU,AU-QLD,Queensland,State
AU,AU-SA,South Australia,State
AU,AU-TAS,Tasmania,State
AU,AU-VIC,Victoria,State
AU,AU-WA,Western Australia,State
AZ,AZ-ABS,Absheron,Rayon
AZ,AZ-AGA,Agstafa,Rayon
AZ,AZ-AGC,Aghjabadi,Rayon
AZ,AZ-AGM,Agdam,Rayon
AZ,AZ-AGS,Agdash,Rayon
AZ,AZ-AGU,Agsu,Rayon
AZ,AZ-AST,Astara,Rayon
AZ,AZ-BA,Baku,Municipality
AZ,AZ-BAB,Babek,Rayon
AZ,AZ-BAL,Balakan,Rayon
AZ,AZ-BAR,Barda,Rayon
AZ,AZ-BEY,Beylagan,Rayon
AZ,AZ-BIL,Bilasuvar,Rayon
AZ,AZ-CAB,Jabrayil,Rayon
AZ,AZ-CAL,Jalilabad,Rayon
AZ,AZ-CUL,Julfa,Rayon
AZ,AZ-DAS,Dashkasan,Rayon
AZ,AZ-FUZ,Fuzuli,Rayon
AZ,AZ-GA,Ganja,Municipality
AZ,AZ-GAD,Gadabay,Rayon
AZ,AZ-GOR,Goranboy,Rayon
AZ,AZ-GOY,Goychay,Rayon
AZ,AZ-GYG,Goygol,Rayon
AZ,AZ-HAC,Hajigabul,Rayon
AZ,AZ-IMI,Imishli,Rayon
AZ,AZ-ISM,Ismailli,Rayon
AZ,AZ-KAL,Kalbajar,Rayon
AZ,AZ-KAN,Kangarli,Rayon
AZ,AZ-KUR,Kurdamir,Rayon
AZ,AZ-LA,Lankaran,Municipality
AZ,AZ-LAC,Lachin,Rayon
AZ,AZ-LAN,Lankaran,Rayon
AZ,AZ-LER,Lerik,Rayon
AZ,AZ-MAS,Masally,Rayon
AZ,AZ-MI,Mingachevir,Municipality
AZ,AZ-NA,Naftalan,Municipality
AZ,AZ-NEF,Neftchala,Rayon
AZ,AZ-NV,Nakhchivan,Municipality
AZ,AZ-OGU,Oghuz,Rayon
AZ,AZ-ORD,Ordubad,Rayon
AZ,AZ-QAB,Qbala,Rayon
AZ,AZ-QAX,Qakh,Rayon
AZ,AZ-QAZ,Qazakh,Rayon
AZ,AZ-QBA,Quba,Rayon
AZ,AZ-QBI,Qubadli,Rayon
AZ,AZ-QOB,Gobustan,Rayon
AZ,AZ-QUS,Qusar,Rayon
AZ,AZ-SA,Shaki,Municipality
AZ,AZ-SAB,Sabirabad,Rayon
AZ,AZ-SAD,Sadarak,Rayon
AZ,AZ-SAH,Shahbuz,Rayon
AZ,AZ-SAK,Shaki,Rayon
AZ,AZ-SAL,Salyan,Rayon
AZ,AZ-SAR,Sharur,Rayon
AZ,AZ-SAT,Saatly,Rayon
AZ,AZ-SBN,Shabran,Rayon
AZ,AZ-SIY,Siazan,Rayon
AZ,AZ-SKR,Shamkir,Rayon
AZ,AZ-SM,Sumqayit,Municipality
AZ,AZ-SMI,Shamakhi,Rayon
AZ,AZ-SMX,Samukh,Rayon
AZ,AZ-SR,Shirvan,Municipality
AZ,AZ-SUS,Shusha,Rayon
AZ,AZ-TAR,Tartar,Rayon
AZ,AZ-TOV,Tovuz,Rayon
AZ,AZ-UCA,Ujar,Rayon
AZ,AZ-XA,Stepanakert,Municipality
AZ,AZ-XAC,Khachmaz,Rayon
AZ,AZ-XCI,Khojaly,Rayon
AZ,AZ-XIZ,Khizi,Rayon
AZ,AZ-XVD,Khojavend,Rayon
AZ,AZ-YAR,Yardymli,Rayon
AZ,AZ-YE,Yevlakh,Municipality
AZ,AZ-YEV,Yevlakh,Rayon
AZ,AZ-ZAN,Zangilan,Rayon
AZ,AZ-ZAQ,Zaqatala,Rayon
AZ,AZ-ZAR,Zardab,Rayon
BA,BA-BIH,Federation of Bosnia and Herzegovina,Entity
BA,BA-BRC,Brcko District,District
BA,BA-SRP,Republika Srpska,Entity
BB,BB-01,Christ Church,Parish
BB,BB-02,Saint Andrew,Parish
BB,BB-03,Saint George,Parish
BB,BB-04,Saint James,Parish
BB,BB-05,Saint John,Parish
BB,BB-06,Saint Joseph,Parish
BB,BB-07,Saint Lucy,Parish
BB,BB-08,Saint Michael,Parish
BB,BB-09,Saint Peter,Parish
BB,BB-10,Saint Philip,Parish
BB,BB-11,Saint Thomas,Parish
BD,BD-01,Bandarban,District
BD,BD-02,Barguna,District
BD,BD-03,Bogra,District
BD,BD-04,Brahmanbaria,District
BD,BD-05,Bagerhat,District
BD,BD-06,Barisal,District
BD,BD-07,Bhola,District
BD,BD-08,Comilla,District
BD,BD-09,Chandpur,District
BD,BD-10,Chittagong,District
BD,BD-11,Cox's Bazar,District
BD,BD-12,Chuadanga,District
BD,BD-13,Dhaka,District
BD,BD-14,Dinajpur,District
BD,BD-15,Faridpur,District
BD,BD-16,Feni,District
BD,BD-17,Gopalganj,District
BD,BD-18,Gazipur,District
BD,BD-19,Gaibandha,District
BD,BD-20,Habiganj,District
BD,BD-21,Jamalpur,District
BD,BD-22,Jessore,District
BD,BD-23,Jhenaidah,District
BD,BD-24,Joypurhat,District
BD,BD-25,Jhalakathi,District
BD,BD-26,Kishoreganj,District
BD,BD-27,Khulna,District
BD,BD-28,Kurigram,District
BD,BD-29,Khagrachhari,District
BD,BD-30,Kushtia,District
BD,BD-31,Lakshmipur,District
BD,BD-32,Lalmonirhat,District
BD,BD-33,Manikganj,District
BD,BD-34,Mymensingh,District
BD,BD-35,Munshiganj,District
BD,BD-36,Madaripur,District
BD,BD-37,Magura,District
BD,BD-38,Moulvibazar,District
BD,BD-39,Meherpur,District
BD,BD-40,Narayanganj,District
BD,BD-41,Netrakona,District
BD,BD-42,Narsingdi,District
BD,BD-43,Narail,District
BD,BD-44,Natore,District
BD,BD-45,Chapai Nawabganj,District
BD,BD-46,Nilphamari,District
BD,BD-47,Noakhali,District
BD,BD-48,Naogaon,District
BD,BD-49,Pabna,District
BD,BD-50,Pirojpur,District
BD,BD-51,Patuakhali,District
BD,BD-52,Panchagarh,District
BD,BD-53,Rajbari,District
BD,BD-54,Rajshahi,District
BD,BD-55,Rangpur,District
BD,BD-56,Rangamati,District
BD,BD-57,Sherpur,District
BD,BD-58,Satkhira,District
BD,BD-59,Sirajganj,District
BD,BD-60,Sylhet,District
BD,BD-61,Sunamganj,District
BD,BD-62,Shariatpur,District
BD,BD-63,Tangail,District
BD,BD-64,Thakurgaon,District
BD,BD-A,Barisal,Division
BD,BD-B,Chittagong,Division
BD,BD-C,Dhaka,Division
BD,BD-D,Khulna,Division
BD,BD-E,Rajshahi,Division
BD,BD-F,Rangpur,Division
BD,BD-G,Sylhet,Division
BD,BD-H,Mymensingh,Division
BE,BE-BRU,Brussels,Capital Region
BE,BE-VAN,Antwerp,Province
BE,BE-VBR,Flemish Brabant,Province
BE,BE-VLG,Flemish Region,Region
BE,BE-VLI,Limburg,Province
BE,BE-VOV,East Flanders,Province
BE,BE-VWV,West Flanders,Province
BE,BE-WAL,Wallonia,Region
BE,BE-WBR,Walloon Brabant,Province
BE,BE-WHT,Hainaut,Province
BE,BE-WLG,Liège,Province
BE,BE-WLX,Luxembourg,Province
BE,BE-WNA,Namur,Province
BF,BF-01,Boucle du Mouhoun,Region
BF,BF-02,Cascades,Region
BF,BF-03,Centre,Region
BF,BF-04,Centre-Est,Region
BF,BF-05,Centre-Nord,Region
BF,BF-06,Centre-Ouest,Region
BF,BF-07,Centre-Sud,Region
BF,BF-08,Est,Region
BF,BF-09,Hauts-Bassins,Region
BF,BF-10,Nord,Region
BF,BF-11,Plateau-Central,Region
BF,BF-12,Sahel,Region
BF,BF-13,Sud-Ouest,Region
BF,BF-BAL,Balé,Province
BF,BF-BAM,Bam,Province
BF,BF-BAN,Banwa,Province
BF,BF-BAZ,Bazèga,Province
BF,BF-BGR,Bougouriba,Province
BF,BF-BLG,Boulgou,Province
BF,BF-BLK,Boulkiemdé,Province
BF,BF-COM,Comoé,Province
BF,BF-GAN,Ganzourgou,Province
BF,BF-GNA,Gnagna,Province
BF,BF-GOU,Gourma,Province
BF,BF-HOU,Houet,Province
BF,BF-IOB,Ioba,Province
BF,BF-KAD,Kadiogo,Province
BF,BF-KEN,Kénédougou,Province
BF,BF-KMD,Komondjari,Province
BF,BF-KMP,Kompienga,Province
BF,BF-KOP,Koulpélogo,Province
BF,BF-KOS,Kossi,Province
BF,BF-KOT,Kouritenga,Province
BF,BF-KOW,Kourwéogo,Province
BF,BF-LER,Léraba,Province
BF,BF-LOR,Loroum,Province
BF,BF-MOU,Mouhoun,Province
BF,BF-NAM,Namentenga,Province
BF,BF-NAO,Nahouri,Province
BF,BF-NAY,Nayala,Province
BF,BF-NOU,Noumbiel,Province
BF,BF-OUB,Oubritenga,Province
BF,BF-OUD,Oudalan,Province
BF,BF-PAS,Passoré,Province
BF,BF-PON,Poni,Province
BF,BF-SEN,Séno,Province
BF,BF-SIS,Sissili,Province
BF,BF-SMT,Sanmatenga,Province
BF,BF-SNG,Sanguié,Province
BF,BF-SOM,Soum,Province
BF,BF-SOR,Sourou,Province
BF,BF-TAP,Tapoa,Province
BF,BF-TUI,Tuy,Province
BF,BF-YAG,Yagha,Province
BF,BF-YAT,Yatenga,Province
BF,BF-ZIR,Ziro,Province
BF,BF-ZON,Zondoma,Province
BF,BF-ZOU,Zoundwéogo,Province
BG,BG-01,Blagoevgrad,District
BG,BG-02,Burgas,District
BG,BG-03,Varna,District
BG,BG-04,Veliko Tarnovo,District
BG,BG-05,Vidin,District
BG,BG-06,Vratsa,District
BG,BG-07,Gabrovo,District
BG,BG-08,Dobrich,District
BG,BG-09,Kardzhali,District
BG,BG-10,Kyustendil,District
BG,BG-11,Lovech,District
BG,BG-12,Montana,District
BG,BG-13,Pazardzhik,District
BG,BG-14,Pernik,District
BG,BG-15,Pleven,District
BG,BG-16,Plovdiv,District
BG,BG-17,Razgrad,District
BG,BG-18,Ruse,District
BG,BG-19,Silistra,District
BG,BG-20,Sliven,District
BG,BG-21,Smolyan,District
BG,BG-22,Sofia (stolitsa),District
BG,BG-23,Sofia,District
BG,BG-24,Stara Zagora,District
BG,BG-25,Targovishte,District
BG,BG-26,Haskovo,District
BG,BG-27,Shumen,District
BG,BG-28,Yambol,District
BH,BH-13,Al Manamah,Governorate
BH,BH-14,Al Janubiyah,Governorate
BH,BH-15,Muharraq,Governorate
BH,BH-16,Al Wusta,Governorate
BH,BH-17,Ash Shamaliyah,Governorate
BI,BI-BB,Bubanza,Province
BI,BI-BJ,Bujumbura,Province
BI,BI-BL,Bujumbura Rural Province,Province
BI,BI-BM,Bujumbura,Province
BI,BI-BR,Bururi,Province
BI,BI-CA,Cankuzo,Province
BI,BI-CI,Cibitoke,Province
BI,BI-GI,Gitega,Province
BI,BI-KI,Kirundo,Province
BI,BI-KR,Karuzi,Province
BI,BI-KY,Kayanza,Province
BI,BI-MA,Makamba,Province
BI,BI-MU,Muramvya,Province
BI,BI-MW,Mwaro,Province
BI,BI-MY,Muyinga,Province
BI,BI-NG,Ngozi,Province
BI,BI-RT,Rutana,Province
BI,BI-RY,Ruyigi,Province
BJ,BJ-AK,Atakora Department,Department
BJ,BJ-AL,Alibori Department,Department
BJ,BJ-AQ,Atlantique,Department
BJ,BJ-BO,Borgou Department,Department
BJ,BJ-CO,Collines,Department
BJ,BJ-DO,Donga,Department
BJ,BJ-KO,Kouffo,Department
BJ,BJ-LI,Littoral zone,Department
BJ,BJ-MO,Mono,Department
BJ,BJ-OU,Ouémé,Department
BJ,BJ-PL,Plateau,Department
BJ,BJ-ZO,Zou,Department
BM,BM-DEV,Devonshire,Parish
BM,BM-HA,Hamilton municipality,Municipality
BM,BM-HAM,Hamilton,Parish
BM,BM-PAG,Paget,Parish
BM,BM-PEM,Pembroke,Parish
BM,BM-SAN,Sandys,Parish
BM,BM-SG,Saint George municipality,Municipality
BM,BM-SGE,Saint George,Parish
BM,BM-SMI,Smiths,Parish
BM,BM-SOU,Southampton,Parish
BM,BM-WAR,Warwick,Parish
BN,BN-BE,Belait,District
BN,BN-BM,Brunei-Muara District,District
BN,BN-TE,Temburong District,District
BN,BN-TU,Tutong,District
BO,BO-B,Beni Department,Department
BO,BO-C,Cochabamba,Department
BO,BO-H,Chuquisaca,Department
BO,BO-L,La Paz,Department
BO,BO-N,Pando,Department
BO,BO-O,Oruro,Department
BO,BO-P,Potosí,Department
BO,BO-S,Santa Cruz,Department
BO,BO-T,Tarija,Department
BQ,BQ-BO,Bonaire,Municipality
BQ,BQ-SA,Saba,Municipality
BQ,BQ-SE,Sint Eustatius,Municipality
BR,BR-AC,Acre,State
BR,BR-AL,Alagoas,State
BR,BR-AM,Amazonas,State
BR,BR-AP,Amapá,State
BR,BR-BA,Bahia,State
BR,BR-CE,Ceará,State
BR,BR-DF,Distrito Federal,Federal District
BR,BR-ES,Espírito Santo,State
BR,BR-GO,Goiás,State
BR,BR-MA,Maranhão,State
BR,BR-MG,Minas Gerais,State
BR,BR-MS,Mato Grosso do Sul,State
BR,BR-MT,Mato Grosso,State
BR,BR-PA,Pará,State
BR,BR-PB,Paraíba,State
BR,BR-PE,Pernambuco,State
BR,BR-PI,Piauí,State
BR,BR-PR,Paraná,State
BR,BR-RJ,Rio de Janeiro,State
BR,BR-RN,Rio Grande do Norte,State
BR,BR-RO,Rondônia,State
BR,BR-RR,Roraima,State
BR,BR-RS,Rio Grande do Sul,State
BR,BR-SC,Santa Catarina,State
BR,BR-SE,Sergipe,State
BR,BR-SP,São Paulo,State
BR,BR-TO,Tocantins,State
BS,BS-AC,Acklins and Crooked Islands,District
BS,BS-AK,Acklins  Islands,District
BS,BS-BI,Bimini,District
BS,BS-BP,Black Point,District
BS,BS-BY,Berry Islands,District
BS,BS-CE,Central Eleuthera,District
BS,BS-CI,Cat Island,District
BS,BS-CK,Crooked Island,District
BS,BS-CO,Central Abaco,District
BS,BS-CS,Central Andros,District
BS,BS-EG,East Grand Bahama,District
BS,BS-EX,Exuma,District
BS,BS-FP,Freeport,District
BS,BS-GC,Grand Cay,District
BS,BS-GT,Green Turtle Cay,District
BS,BS-HI,Harbour Island,District
BS,BS-HR,High Rock,District
BS,BS-HT,Hope Town,District
BS,BS-IN,Inagua,District
BS,BS-KB,Kemps Bay,District
BS,BS-LI,Long Island,District
BS,BS-MC,Mangrove Cay,District
BS,BS-MG,Mayaguana,District
BS,BS-MH,Marsh Harbour,District
BS,BS-MI,Moore’s Island,District
BS,BS-NB,Nichollstown and Berry Islands,District
BS,BS-NE,North Eleuthera,District
BS,BS-NO,North Abaco,District
BS,BS-NP,New Providence,District
BS,BS-NS,North Andros,District
BS,BS-RC,Rum Cay,District
BS,BS-RI,Ragged Island,District
BS,BS-RS,Rock Sound,District
BS,BS-SA,South Andros,District
BS,BS-SE,South Eleuthera,District
BS,BS-SO,South Abaco,District
BS,BS-SP,Sandy Point,District
BS,BS-SR,San Salvador and Rum Cay,District
BS,BS-SS,San Salvador,District
BS,BS-SW,Spanish Wells,District
BS,BS-WG,West Grand Bahama,District
BT,BT-11,Paro,District
BT,BT-12,Mebisa,District
BT,BT-13,Ha,District
BT,BT-14,Samtse,District
BT,BT-15,Thimphu,District
BT,BT-21,Tsirang District,District
BT,BT-22,Dagana,District
BT,BT-23,Punakha,District
BT,BT-24,Wangdue Phodrang,District
BT,BT-31,Sarpang,District
BT,BT-32,Trongsa,District
BT,BT-33,Bumthang,District
BT,BT-34,Zhemgang,District
BT,BT-41,Trashigang,District
BT,BT-42,Mongar,District
BT,BT-43,Pemagatsel,District
BT,BT-44,Lhuntse,District
BT,BT-45,Samdrup Jongkhar,District
BT,BT-GA,Gasa,District
BT,BT-TY,Trashiyangtse,District
BW,BW-CE,Central,District
BW,BW-GH,Ghanzi,District
BW,BW-KG,Kgalagadi,District
BW,BW-KL,Kgatleng District,District
BW,BW-KW,Kweneng District,District
BW,BW-NE,Northeast,District
BW,BW-NW,Northwest,District
BW,BW-SE,Southeast,District
BW,BW-SO,Southern,District
BY,BY-BR,Brestskaya voblasts,Region
BY,BY-HM,Minsk,City
BY,BY-HR,Hrodzenskaya voblasts,Region
BY,BY-MA,Mahilyowskaya voblasts,Region
BY,BY-MI,Minskaya voblasts,Region
BY,BY-VI,Vitsyebskaya voblasts,Region
BZ,BZ-BZ,Belize,District
BZ,BZ-CY,Cayo,District
BZ,BZ-CZL,Corozal,District
BZ,BZ-OW,Orange walk,District
BZ,BZ-SC,Stann Creek,District
BZ,BZ-TOL,Toledo,District
CA,CA-AB,Alberta,Province
CA,CA-BC,British Columbia,Province
CA,CA-MB,Manitoba,Province
CA,CA-NB,New Brunswick,Province
CA,CA-NL,Newfoundland and Labrador,Province
CA,CA-NS,Nova Scotia,Province
CA,CA-NT,Northwest Territories,Territory
CA,CA-NU,Nunavut,Territory
CA,CA-ON,Ontario,Province
CA,CA-PE,Prince Edward Island,Province
CA,CA-QC,Quebec,Province
CA,CA-SK,Saskatchewan,Province
CA,CA-YT,Yukon,Territory
CD,CD-BC,Bas-Congo,Province
CD,CD-BN,Bandundu,Province
CD,CD-EQ,Équateur,Province
CD,CD-KA,Katanga,Province
CD,CD-KE,Kasai-Oriental,Province
CD,CD-KN,Kinshasa,City
CD,CD-KW,Kasai-Occidental,Province
CD,CD-MA,Maniema,Province
CD,CD-NK,North Kivu,Province
CD,CD-OR,Orientale,Province
CD,CD-SK,South Kivu,Province
CF,CF-AC,Ouham,Prefecture
CF,CF-BB,Bamingui-Bangoran,Prefecture
CF,CF-BGF,Bangui,Commune
CF,CF-BK,Basse-Kotto,Prefecture
CF,CF-HK,Haute-Kotto,Prefecture
CF,CF-HM,Haut-Mbomou,Prefecture
CF,CF-HS,Haute-Sangha / Mambéré-Kadéï,Prefecture
CF,CF-KB,Nana-Grébizi,Economic Prefecture
CF,CF-KG,Kémo,Prefecture
CF,CF-LB,Lobaye,Prefecture
CF,CF-MB,Mbomou,Prefecture
CF,CF-NM,Nana-Mambéré,Prefecture
CF,CF-OP,Ouham-Pendé,Prefecture
CF,CF-SE,Sangha,Economic Prefecture
CF,CF-UK,Ouaka,Prefecture
CF,CF-VK,Vakaga,Prefecture
CG,CG-11,Bouenza Department,Department
CG,CG-12,Pool,Department
CG,CG-13,Sangha,Department
CG,CG-14,Plateaux,Department
CG,CG-15,Cuvette-Ouest Department,Department
CG,CG-2,Lékoumou Department,Department
CG,CG-5,Kouilou,Department
CG,CG-7,Likouala,Department
CG,CG-8,Cuvette,Department
CG,CG-9,Niari,Department
CG,CG-BZV,Brazzaville,Commune
CH,CH-AG,Aargau,Canton
CH,CH-AI,Appenzell Innerrhoden,Canton
CH,CH-AR,Appenzell Ausserrhoden,Canton
CH,CH-BE,Bern,Canton
CH,CH-BL,Basel-Landschaft,Canton
CH,CH-BS,Basel-Stadt,Canton
CH,CH-FR,Fribourg,Canton
CH,CH-GE,Genève,Canton
CH,CH-GL,Glarus,Canton
CH,CH-GR,Graubünden,Canton
CH,CH-JU,Jura,Canton
CH,CH-LU,Luzern,Canton
CH,CH-NE,Neuchâtel,Canton
CH,CH-NW,Nidwalden,Canton
CH,CH-OW,Obwalden,Canton
CH,CH-SG,Sankt Gallen,Canton
CH,CH-SH,Schaffhausen,Canton
CH,CH-SO,Solothurn,Canton
CH,CH-SZ,Schwyz,Canton
CH,CH-TG,Thurgau,Canton
CH,CH-TI,Ticino,Canton
CH,CH-UR,Uri,Canton
CH,CH-VD,Vaud,Canton
CH,CH-VS,Valais,Canton
CH,CH-ZG,Zug,Canton
CH,CH-ZH,Zürich,Canton
CI,CI-01,Lagunes,Region
CI,CI-02,Haut-Sassandra,Region
CI,CI-03,Savanes,Region
CI,CI-04,Vallée du Bandama,Region
CI,CI-05,Moyen-Comoé,Region
CI,CI-06,18 Montagnes,Region
CI,CI-07,Lacs,Region
CI,CI-08,Zanzan,Region
CI,CI-09,Bas-Sassandra,Region
CI,CI-10,Denguélé,Region
CI,CI-11,Nzi-Comoé,Region
CI,CI-12,Marahoué,Region
CI,CI-13,Sud-Comoé,Region
CI,CI-14,Worodougou,Region
CI,CI-15,Sud-Bandama,Region
CI,CI-16,Agnébi,Region
CI,CI-17,Bafing,Region
CI,CI-18,Fromager,Region
CI,CI-19,Moyen-Cavally,Region
CL,CL-AI,Aysén Region,Region
CL,CL-AN,Antofagasta,Region
CL,CL-AP,Arica y Parinacota Region,Region
CL,CL-AR,Arauco,Region
CL,CL-AT,Atacama Desert,Region
CL,CL-BI,Biobío,Region
CL,CL-CO,Coquimbo,Region
CL,CL-LL,Los Lagos,Region
CL,CL-LR,Los Ríos,Region
CL,CL-MA,Magallanes,Region
CL,CL-ML,Maule,Region
CL,CL-RM,Santiago Metropolitan Region,Region
CL,CL-TA,Tarapacá,Region
CL,CL-VS,Valparaíso,Region
CM,CM-AD,Adamawa,Region
CM,CM-CE,Center,Region
CM,CM-EN,Far North,Region
CM,CM-ES,East,Region
CM,CM-LT,Littoral zone,Region
CM,CM-NO,North,Region
CM,CM-NW,Northwest,Region
CM,CM-OU,West,Region
CM,CM-SU,South,Region
CM,CM-SW,Southwest,Region
CN,CN-11,Beijing,Municipality
CN,CN-12,Tianjin,Municipality
CN,CN-13,Hebei,Province
CN,CN-14,Shanxi,Province
CN,CN-15,Nei Mongol,Autonomous Region
CN,CN-21,Liaoning,Province
CN,CN-22,Jilin,Province
CN,CN-23,Heilongjiang,Province
CN,CN-31,Shanghai,Municipality
CN,CN-32,Jiangsu,Province
CN,CN-33,Zhejiang,Province
CN,CN-34,Anhui,Province
CN,CN-35,Fujian,Province
CN,CN-36,Jiangxi,Province
CN,CN-37,Shandong,Province
CN,CN-41,Henan,Province
CN,CN-42,Hubei,Province
CN,CN-43,Hunan,Province
CN,CN-44,Guangdong,Province
CN,CN-45,Guangxi,Autonomous Region
CN,CN-46,Hainan,Province
CN,CN-50,Chongqing,Municipality
CN,CN-51,Sichuan,Province
CN,CN-52,Guizhou,Province
CN,CN-53,Yunnan,Province
CN,CN-54,Tibet Autonomous Region,Autonomous Region
CN,CN-61,Shaanxi,Province
CN,CN-62,Gansu,Province
CN,CN-63,Qinghai,Province
CN,CN-64,Ningxia,Autonomous Region
CN,CN-65,Xinjiang,Autonomous Region
CN,CN-71,Taiwan,Province
CN,CN-91,Xianggang,Special Administrative Region
CN,CN-92,Aomen,Special Administrative Region
CO,CO-AMA,Amazonas,Department
CO,CO-ANT,Antioquia Department,Department
CO,CO-ARA,Arauca,Department
CO,CO-ATL,Atlántico,Department
CO,CO-BOL,Simón Bolívar,Department
CO,CO-BOY,Boyacá,Department
CO,CO-CAL,Caldas,Department
CO,CO-CAQ,Caquetá,Department
CO,CO-CAS,Casanare,Department
CO,CO-CAU,Cauca,Department
CO,CO-CES,Cesar,Department
CO,CO-CHO,Choco,Department
CO,CO-COR,Córdoba,Department
CO,CO-CUN,Cundinamarca,Department
CO,CO-DC,Bogotá,Capital District
CO,CO-GUA,Guainía,Department
CO,CO-GUV,Guaviare,Department
CO,CO-HUI,Huila,Department
CO,CO-LAG,La Guajira Department,Department
CO,CO-MAG,Magdalena,Department
CO,CO-MET,Meta,Department
CO,CO-NAR,Nariño Department,Department
CO,CO-NSA,Norte de Santander Department,Department
CO,CO-PUT,Putumayo Department,Department
CO,CO-QUI,Quindío Department,Department
CO,CO-RIS,Risaralda,Department
CO,CO-SAN,Santander,Department
CO,CO-SAP,Archipelago of San Andrés,Department
CO,CO-SUC,Sucre,Department
CO,CO-TOL,Tolima,Department
CO,CO-VAC,Valle del Cauca Department,Department
CO,CO-VAU,Vaupés,Department
CO,CO-VID,Vichada,Department
CR,CR-A,Alajuela,Province
CR,CR-C,Cartago,Province
CR,CR-G,Guanacaste,Province
CR,CR-H,Heredia,Province
CR,CR-L,Limón,Province
CR,CR-P,Puntarenas,Province
CR,CR-SJ,San José,Province
CU,CU-01,Pinar del Río,Province
CU,CU-02,Havana,Province
CU,CU-03,Havana,Province
CU,CU-04,Matanzas,Province
CU,CU-05,Villa Clara,Province
CU,CU-06,Cienfuegos,Province
CU,CU-07,Sancti Spíritus,Province
CU,CU-08,Ciego de Ávila,Province
CU,CU-09,Camagüey,Province
CU,CU-10,Las Tunas,Province
CU,CU-11,Holguín,Province
CU,CU-12,Granma,Province
CU,CU-13,Santiago de Cuba,Province
CU,CU-14,Guantánamo,Province
CU,CU-99,Isla de la Juventud,Special Municipality
CV,CV-B,Barlavento Islands,Geographical Region
CV,CV-BR,Brava,Municipality
CV,CV-BV,Boa Vista,Municipality
CV,CV-CA,Santa Catarina,Municipality
CV,CV-CF,Santa Catarina do Fogo,Municipality
CV,CV-CR,Santa Cruz,Municipality
CV,CV-CS,Calheta de São Miguel,
CV,CV-MA,Maio,Municipality
CV,CV-MO,Mosteiros,Municipality
CV,CV-PA,Paul,Municipality
CV,CV-PN,Porto-Novo,Municipality
CV,CV-PR,Praia,Municipality
CV,CV-RB,Ribeira Brava,Municipality
CV,CV-RG,Ribeira Grande,Municipality
CV,CV-RS,Ribeira Grande de Santiago,Municipality
CV,CV-S,Sotavento Islands,Geographical Region
CV,CV-SD,São Domingos,Municipality
CV,CV-SF,Saint Philip,Municipality
CV,CV-SL,Sal,Municipality
CV,CV-SM,São Miguel,Municipality
CV,CV-SN,São Nicolau,
CV,CV-SO,São Lourenço dos Órgãos,Municipality
CV,CV-SS,São Salvador do Mundo,Municipality
CV,CV-SV,São Vicente,Municipality
CV,CV-TA,Tarrafal,Municipality
CV,CV-TS,Tarrafal de São Nicolau,Municipality
CY,CY-01,Nicosia,District
CY,CY-02,Limassol,District
CY,CY-03,Larnaca,District
CY,CY-04,Famagusta,District
CY,CY-05,Paphos,District
CY,CY-06,Kyrenia,District
CZ,CZ-101,Prague 1,District
CZ,CZ-102,Prague 2,District
CZ,CZ-103,Prague 3,District
CZ,CZ-104,Prague 4,District
CZ,CZ-105,Prague 5,District
CZ,CZ-106,Prague 6,District
CZ,CZ-107,Prague 7,District
CZ,CZ-108,Prague 8,District
CZ,CZ-109,Prague 9,District
CZ,CZ-10A,Prague 10,District
CZ,CZ-10B,Prague 11,District
CZ,CZ-10C,Prague 12,District
CZ,CZ-10D,Prague 13,District
CZ,CZ-10E,Prague 14,District
CZ,CZ-10F,Prague 15,District
CZ,CZ-201,Benešov,District
CZ,CZ-202,Beroun,District
CZ,CZ-203,Kladno,District
CZ,CZ-204,Kolín,District
CZ,CZ-205,Kutná Hora,District
CZ,CZ-206,M?lník,District
CZ,CZ-207,Mladá Boleslav,District
CZ,CZ-208,Nymburk,District
CZ,CZ-209,Praha východ,District
CZ,CZ-20A,Praha západ,District
CZ,CZ-20B,P?íbram,District
CZ,CZ-20C,Rakovník,District
CZ,CZ-311,?eské Bud?jovice,District
CZ,CZ-312,?eský Krumlov,District
CZ,CZ-313,Jind?ich?v Hradec,District
CZ,CZ-314,Písek,District
CZ,CZ-315,Prachatice,District
CZ,CZ-316,Strakonice,District
CZ,CZ-317,Tábor,District
CZ,CZ-321,Domažlice,District
CZ,CZ-322,Klatovy,District
CZ,CZ-323,Plze? m?sto,District
CZ,CZ-324,Plze? jih,District
CZ,CZ-325,Plze? sever,District
CZ,CZ-326,Rokycany,District
CZ,CZ-327,Tachov,District
CZ,CZ-411,Cheb,District
CZ,CZ-412,Karlovy Vary,District
CZ,CZ-413,Sokolov,District
CZ,CZ-421,D??ín,District
CZ,CZ-422,Chomutov,District
CZ,CZ-423,Litom??ice,District
CZ,CZ-424,Louny,District
CZ,CZ-425,Most,District
CZ,CZ-426,Teplice,District
CZ,CZ-427,Ústí nad Labem,District
CZ,CZ-511,?eská Lípa,District
CZ,CZ-512,Jablonec nad Nisou,District
CZ,CZ-513,Liberec,District
CZ,CZ-514,Semily,District
CZ,CZ-521,Hradec Králové,District
CZ,CZ-522,Ji?ín,District
CZ,CZ-523,Náchod,District
CZ,CZ-524,Rychnov nad Kn?žnou,District
CZ,CZ-525,Trutnov,District
CZ,CZ-531,Chrudim,District
CZ,CZ-532,Pardubice,District
CZ,CZ-533,Svitavy,District
CZ,CZ-534,Ústí nad Orlicí,District
CZ,CZ-611,Havlí?k?v Brod,District
CZ,CZ-612,Jihlava,District
CZ,CZ-613,Pelh?imov,District
CZ,CZ-614,T?ebí?,District
CZ,CZ-615,Žd’ár nad Sázavou,District
CZ,CZ-621,Blansko,District
CZ,CZ-622,Brno-City District,District
CZ,CZ-623,Brno-Country District,District
CZ,CZ-624,B?eclav,District
CZ,CZ-625,Hodonín,District
CZ,CZ-626,Vyškov,District
CZ,CZ-627,Znojmo,District
CZ,CZ-711,Jeseník,District
CZ,CZ-712,Olomouc,District
CZ,CZ-713,Prost?jov,District
CZ,CZ-714,P?erov,District
CZ,CZ-715,Šumperk,District
CZ,CZ-721,Krom??íž,District
CZ,CZ-722,Uherské Hradišt?,District
CZ,CZ-723,Vsetín,District
CZ,CZ-724,Zlín,District
CZ,CZ-801,Bruntál,District
CZ,CZ-802,Frýdek Místek,District
CZ,CZ-803,Karviná,District
CZ,CZ-804,Nový Ji?ín,District
CZ,CZ-805,Opava,District
CZ,CZ-806,Ostrava m?sto,District
CZ,CZ-JC,Jihoceský kraj,Region
CZ,CZ-JM,South Moravian Region,Region
CZ,CZ-KA,Karlovy Vary Region,Region
CZ,CZ-KR,Hradec Králové Region,Region
CZ,CZ-LI,Liberec Region,Region
CZ,CZ-MO,Moravian–Silesian Region,Region
CZ,CZ-OL,Olomouc Region,Region
CZ,CZ-PA,Pardubice Region,Region
CZ,CZ-PL,Plzenský kraj,Region
CZ,CZ-PR,Praha,Region
CZ,CZ-ST,Stredoceský kraj,Region
CZ,CZ-US,Ústí nad Labem Region,Region
CZ,CZ-VY,Vyso?ina,Region
CZ,CZ-ZL,Zlín Region,Region
DE,DE-BB,Brandenburg,State
DE,DE-BE,Berlin,State
DE,DE-BW,Baden-Württemberg,State
DE,DE-BY,Bavaria,State
DE,DE-HB,Bremen,State
DE,DE-HE,Hesse,State
DE,DE-HH,Hamburg,State
DE,DE-MV,Mecklenburg-Vorpommern,State
DE,DE-NI,Lower Saxony,State
DE,DE-NW,North Rhine-Westphalia,State
DE,DE-RP,Rhineland-Palatinate,State
DE,DE-SH,Schleswig-Holstein,State
DE,DE-SL,Saarland,State
DE,DE-SN,Saxony,State
DE,DE-ST,Saxony-Anhalt,State
DE,DE-TH,Thuringia,State
DJ,DJ-AR,Arta,Region
DJ,DJ-AS,`Ali Sabieh,Region
DJ,DJ-DI,Dikhil,Region
DJ,DJ-DJ,Djibouti,City
DJ,DJ-OB,Obock,Region
DJ,DJ-TA,Tadjoura,Region
DK,DK-015,Copenhagen,County
DK,DK-020,Frederiksborg,County
DK,DK-025,Roskilde,County
DK,DK-030,West Zealand County,County
DK,DK-035,Storstrøm County,County
DK,DK-040,Bornholm,County
DK,DK-042,Funen,County
DK,DK-050,Southern Jutland,County
DK,DK-055,Ribe,County
DK,DK-060,Vejle,County
DK,DK-065,Ringkøbing,County
DK,DK-070,Aarhus,County
DK,DK-076,Viborg,County
DK,DK-080,North Jutland,County
DK,DK-101,København City,City
DK,DK-147,Frederiksberg City,City
DK,DK-81,North Jutland,Region
DK,DK-82,Central Denmark Region,Region
DK,DK-83,Region of Southern Denmark,Region
DK,DK-84,Capital,Region
DK,DK-85,Zeeland,Region
DM,DM-02,Saint Andrew,Parish
DM,DM-03,Saint David,Parish
DM,DM-04,Saint George,Parish
DM,DM-05,Saint John,Parish
DM,DM-06,Saint Joseph,Parish
DM,DM-07,Luke the Evangelist,Parish
DM,DM-08,Mark the Evangelist,Parish
DM,DM-09,Saint Patrick,Parish
DM,DM-10,Paul the Apostle,Parish
DM,DM-11,Saint Peter,Parish
DO,DO-01,Distrito Nacional,Province
DO,DO-02,Azua,Province
DO,DO-03,Baoruco,Province
DO,DO-04,Barahona,Province
DO,DO-05,Dajabón,Province
DO,DO-06,Duarte,Province
DO,DO-07,La Estrelleta,Province
DO,DO-08,El Seybo,Province
DO,DO-09,Espaillat,Province
DO,DO-10,Independencia,Province
DO,DO-11,La Altagracia Province,Province
DO,DO-12,La Romana,Province
DO,DO-13,La Vega,Province
DO,DO-14,María Trinidad Sánchez Province,Province
DO,DO-15,Monte Cristi,Province
DO,DO-16,Pedernales,Province
DO,DO-17,Peravia Province,Province
DO,DO-18,Puerto Plata,Province
DO,DO-19,Salcedo,Province
DO,DO-20,Samaná,Province
DO,DO-21,San Cristóbal,Province
DO,DO-22,San Juan,Province
DO,DO-23,San Pedro de Macorís,Province
DO,DO-24,Sánchez Ramírez Province,Province
DO,DO-25,Santiago,Province
DO,DO-26,Santiago Rodríguez,Province
DO,DO-27,Valverde,Province
DO,DO-28,Monseñor Nouel Province,Province
DO,DO-29,Monte Plata,Province
DO,DO-30,Hato Mayor,Province
DO,DO-31,San José de Ocoa,Province
DO,DO-32,Santo Domingo,
DZ,DZ-01,Adrar,Province
DZ,DZ-02,Chlef,Province
DZ,DZ-03,Laghouat,Province
DZ,DZ-04,Oum El Bouaghi,Province
DZ,DZ-05,Batna,Province
DZ,DZ-06,Béjaïa,Province
DZ,DZ-07,Biskra,Province
DZ,DZ-08,Béchar,Province
DZ,DZ-09,Blida,Province
DZ,DZ-10,Bouïra,Province
DZ,DZ-11,Tamanrasset,Province
DZ,DZ-12,Tébessa,Province
DZ,DZ-13,Tlemcen,Province
DZ,DZ-14,Tiaret,Province
DZ,DZ-15,Tizi Ouzou,Province
DZ,DZ-16,Alger,Province
DZ,DZ-17,Djelfa,Province
DZ,DZ-18,Jijel,Province
DZ,DZ-19,Sétif,Province
DZ,DZ-20,Saida,Province
DZ,DZ-21,Skikda,Province
DZ,DZ-22,Sidi Bel Abbès,Province
DZ,DZ-23,Annaba,Province
DZ,DZ-24,Guelma,Province
DZ,DZ-25,Constantine,Province
DZ,DZ-26,Médéa,Province
DZ,DZ-27,Mostaganem,Province
DZ,DZ-29,Mascara,Province
DZ,DZ-30,Ouargla,Province
DZ,DZ-31,Oran,Province
DZ,DZ-32,El Bayadh,Province
DZ,DZ-33,Illizi,Province
DZ,DZ-34,Bordj Bou Arréridj,Province
DZ,DZ-35,Boumerdès,Province
DZ,DZ-36,El Taref,Province
DZ,DZ-37,Tindouf,Province
DZ,DZ-38,Tissemsilt,Province
DZ,DZ-39,El Oued,Province
DZ,DZ-40,Khenchela,Province
DZ,DZ-41,Souk Ahras,Province
DZ,DZ-42,Tipaza,Province
DZ,DZ-43,Mila,Province
DZ,DZ-44,Aïn Defla,Province
DZ,DZ-45,Naama,Province
DZ,DZ-46,Aïn Témouchent,Province
DZ,DZ-47,Ghardaïa,Province
DZ,DZ-48,Relizane,Province
EC,EC-A,Azuay Province,Province
EC,EC-B,Simón Bolívar,Province
EC,EC-C,Carchi Province,Province
EC,EC-D,Orellana,Province
EC,EC-E,Esmeraldas,Province
EC,EC-F,Canar,Province
EC,EC-G,Guayas,Province
EC,EC-H,Chimborazo,Province
EC,EC-I,Imbabura,Province
EC,EC-L,Loja,Province
EC,EC-M,Manabí,Province
EC,EC-N,Napo,Province
EC,EC-O,El Oro,Province
EC,EC-P,Pichincha,Province
EC,EC-R,Los Ríos,Province
EC,EC-S,Morona-Santiago Province,Province
EC,EC-SD,Santo Domingo de los Tsáchilas Province,Province
EC,EC-SE,Santa Elena,Province
EC,EC-T,Tungurahua,Province
EC,EC-U,Sucumbíos Province,Province
EC,EC-W,Galápagos Islands,Province
EC,EC-X,Cotopaxi,Province
EC,EC-Y,Pastaza,Province
EC,EC-Z,Zamora-Chinchipe Province,Province
EE,EE-37,Harju County,County
EE,EE-39,Hiiumaa,County
EE,EE-44,Ida-Viru County,County
EE,EE-49,Jõgeva County,County
EE,EE-51,Järva County,County
EE,EE-57,Lääne County,County
EE,EE-59,Lääne-Viru County,County
EE,EE-65,Põlva County,County
EE,EE-67,Pärnu County,County
EE,EE-70,Rapla County,County
EE,EE-74,Saaremaa,County
EE,EE-78,Tartu County,County
EE,EE-82,Valga County,County
EE,EE-84,Viljandi County,County
EE,EE-86,Võru County,County
EG,EG-ALX,Al Iskandariyah,Governorate
EG,EG-ASN,Aswan,Governorate
EG,EG-AST,Asyut,Governorate
EG,EG-BA,Bahr,Governorate
EG,EG-BH,Al Buhayrah,Governorate
EG,EG-BNS,Beni Suef,Governorate
EG,EG-C,Al Qahirah,Governorate
EG,EG-DK,Dakahlia Governorate,Governorate
EG,EG-DT,Dumyat,Governorate
EG,EG-FYM,Faiyum,Governorate
EG,EG-GH,Al Gharbiyah,Governorate
EG,EG-GZ,Al Jizah,Governorate
EG,EG-HU,Helwan,Governorate
EG,EG-IS,Al Ism?`?l?yah,Governorate
EG,EG-JS,South Sinai Governorate,Governorate
EG,EG-KB,Qalyubia Governorate,Governorate
EG,EG-KFS,Kafr el-Sheikh,Governorate
EG,EG-KN,Qena,Governorate
EG,EG-LX,Luxor,Governorate
EG,EG-MN,Minya,Governorate
EG,EG-MNF,Monufia Governorate,Governorate
EG,EG-MT,Matr?h,Governorate
EG,EG-PTS,B?r Sa`?d,Governorate
EG,EG-SHG,Sohag,Governorate
EG,EG-SHR,Ash Sharqiyah,Governorate
EG,EG-SIN,North Sinai Governorate,Governorate
EG,EG-SU,6th of October,Governorate
EG,EG-SUZ,As Suways,Governorate
EG,EG-WAD,New Valley Governorate,Governorate
EH,EH-BOD,Cape Bojador,Province
EH,EH-ESM,Smara,Province
EH,EH-LAA,El Aaiún,Province
EH,EH-OUD,Oued el Dahab,Province
ER,ER-AN,Anseba Region,Region
ER,ER-DK,Debubawi K’eyy?? Ba?ri,Region
ER,ER-DU,Debub Region,Region
ER,ER-GB,Gash-Barka Region,Region
ER,ER-MA,Ma’?kel,Region
ER,ER-SK,Semienawi K’eyy?? Ba?ri,Region
ES,ES-A,Alicante,Province
ES,ES-AB,Albacete,Province
ES,ES-AL,Almería,Province
ES,ES-AN,Andalusia,
ES,ES-AR,,
ES,ES-AS,Asturias,Autonomous Community
ES,ES-AV,Ávila,Province
ES,ES-B,Barcelona,Province
ES,ES-BA,Badajoz,Province
ES,ES-BI,Vizcaya,Province
ES,ES-BU,Burgos,Province
ES,ES-C,A Coruña,Province
ES,ES-CA,Cadiz,Province
ES,ES-CB,Cantabria,Autonomous Community
ES,ES-CC,Cáceres,Province
ES,ES-CE,Ceuta,Autonomous City
ES,ES-CL,Castile and León,Autonomous Community
ES,ES-CM,Castile-La Mancha,Autonomous Community
ES,ES-CN,Canarias,
ES,ES-CO,Córdoba,Province
ES,ES-CR,Ciudad Real,Province
ES,ES-CS,Castellón,Province
ES,ES-CT,Catalonia,Autonomous Community
ES,ES-CU,Cuenca,Province
ES,ES-EX,Extremadura,Autonomous Community
ES,ES-GA,Galicia,Autonomous Community
ES,ES-GC,Las Palmas,Province
ES,ES-GI,Girona,Province
ES,ES-GR,Granada,Province
ES,ES-GU,Guadalajara,Province
ES,ES-H,Huelva,Province
ES,ES-HU,Huesca,Province
ES,ES-IB,Balearic Islands,Autonomous Community
ES,ES-J,Jaén,Province
ES,ES-L,Lleida,Province
ES,ES-LE,Leon,Province
ES,ES-LO,Rioja,Province
ES,ES-LU,Lugo,Province
ES,ES-M,Madrid,Province
ES,ES-MA,Málaga,Province
ES,ES-MC,Murcia,Autonomous Community
ES,ES-MD,Madrid,Autonomous Community
ES,ES-ML,Melilla,Autonomous City
ES,ES-MU,Murcia,Province
ES,ES-NA,Navarre,Province
ES,ES-NC,Navarra,Autonomous Community
ES,ES-O,Asturias,Province
ES,ES-OR,Ourense,Province
ES,ES-P,Palencia,Province
ES,ES-PM,Baleares,Province
ES,ES-PO,Pontevedra,Province
ES,ES-PV,Basque Country,Autonomous Community
ES,ES-RI,,Autonomous Community
ES,ES-S,Cantabria,Province
ES,ES-SA,Salamanca,Province
ES,ES-SE,Seville,Province
ES,ES-SG,Segovia,Province
ES,ES-SO,Soria,Province
ES,ES-SS,Gipuzkoa,Province
ES,ES-T,Tarragona,Province
ES,ES-TE,Teruel,Province
ES,ES-TF,Santa Cruz de Tenerife,Province
ES,ES-TO,Toledo,Province
ES,ES-V,Valencia,Province
ES,ES-VA,Valladolid,Province
ES,ES-VC,Valencian Community,Autonomous Community
ES,ES-VI,Álava,Province
ES,ES-Z,Zaragoza,Province
ES,ES-ZA,Zamora,Province
ET,ET-AA,Addis Ababa,Administration
ET,ET-AF,Afar,State
ET,ET-AM,Amara,State
ET,ET-BE,Binshangul Gumuz,State
ET,ET-DD,Dire Dawa,Administration
ET,ET-GA,Gambela Hizboch,State
ET,ET-HA,Hareri Hizb,State
ET,ET-OR,Oromia Region,State
ET,ET-SN,Southern Nations,State
ET,ET-SO,Sumale,State
ET,ET-TI,Tigray,State
FI,FI-01,Åland Islands,Region
FI,FI-02,South Karelia,Region
FI,FI-03,Southern Ostrobothnia,Region
FI,FI-04,Southern Savonia,Region
FI,FI-05,Kainuu,Region
FI,FI-06,Tavastia Proper,Region
FI,FI-07,Central Ostrobothnia,Region
FI,FI-08,Central Finland,Region
FI,FI-09,Kymenlaakso,Region
FI,FI-10,Lappi,Region
FI,FI-11,Pirkanmaa,Region
FI,FI-12,Pohjanmaa,Region
FI,FI-13,North Karelia,Region
FI,FI-14,Northern Ostrobothnia,Region
FI,FI-15,Northern Savonia,Region
FI,FI-16,Päijänne Tavastia,Region
FI,FI-17,Satakunta,Region
FI,FI-18,Uusimaa,Region
FI,FI-19,Varsinais-Suomi,Region
FI,FI-AL,Åland,
FI,FI-ES,Southern Finland Province,
FI,FI-IS,Eastern Finland Province,
FI,FI-LL,Lapland,
FI,FI-LS,Western Finland Province,
FI,FI-OL,Oulu Province,
FJ,FJ-C,Central,Division
FJ,FJ-E,Eastern,Division
FJ,FJ-N,Northern,Division
FJ,FJ-R,Rotuma,Dependency
FJ,FJ-W,Western,Division
FM,FM-KSA,Kosrae,State
FM,FM-PNI,Pohnpei,State
FM,FM-TRK,Chuuk,State
FM,FM-YAP,Yap,State
FR,FR-01,Ain,Metropolitan Department
FR,FR-02,Aisne,Metropolitan Department
FR,FR-03,Allier,Metropolitan Department
FR,FR-04,Alpes-de-Haute-Provence,Metropolitan Department
FR,FR-05,Hautes-Alpes,Metropolitan Department
FR,FR-06,Alpes-Maritimes,Metropolitan Department
FR,FR-07,Ardèche,Metropolitan Department
FR,FR-08,Ardennes,Metropolitan Department
FR,FR-09,Ariège,Metropolitan Department
FR,FR-10,Aube,Metropolitan Department
FR,FR-11,Aude,Metropolitan Department
FR,FR-12,Aveyron,Metropolitan Department
FR,FR-13,Bouches-du-Rhône,Metropolitan Department
FR,FR-14,Calvados,Metropolitan Department
FR,FR-15,Cantal,Metropolitan Department
FR,FR-16,Charente,Metropolitan Department
FR,FR-17,Charente-Maritime,Metropolitan Department
FR,FR-18,Cher,Metropolitan Department
FR,FR-19,Corrèze,Metropolitan Department
FR,FR-23,Creuse,Metropolitan Department
FR,FR-24,Dordogne,Metropolitan Department
FR,FR-25,Doubs,Metropolitan Department
FR,FR-26,Drôme,Metropolitan Department
FR,FR-27,Eure,Metropolitan Department
FR,FR-28,Eure-et-Loir,Metropolitan Department
FR,FR-29,Finistère,Metropolitan Department
FR,FR-2A,Corse-du-Sud,Metropolitan Department
FR,FR-2B,Haute-Corse,Metropolitan Department
FR,FR-30,Gard,Metropolitan Department
FR,FR-31,Haute-Garonne,Metropolitan Department
FR,FR-32,Gers,Metropolitan Department
FR,FR-33,Gironde,Metropolitan Department
FR,FR-34,Hérault,Metropolitan Department
FR,FR-35,Ille-et-Vilaine,Metropolitan Department
FR,FR-36,Indre,Metropolitan Department
FR,FR-37,Indre-et-Loire,Metropolitan Department
FR,FR-38,Isère,Metropolitan Department
FR,FR-39,Jura,Metropolitan Department
FR,FR-40,Landes,Metropolitan Department
FR,FR-41,Loir-et-Cher,Metropolitan Department
FR,FR-42,Loire,Metropolitan Department
FR,FR-43,Haute-Loire,Metropolitan Department
FR,FR-44,Loire-Atlantique,Metropolitan Department
FR,FR-45,Loiret,Metropolitan Department
FR,FR-46,Lot,Metropolitan Department
FR,FR-47,Lot-et-Garonne,Metropolitan Department
FR,FR-48,Lozère,Metropolitan Department
FR,FR-49,Maine-et-Loire,Metropolitan Department
FR,FR-50,Manche,Metropolitan Department
FR,FR-51,Marne,Metropolitan Department
FR,FR-52,Haute-Marne,Metropolitan Department
FR,FR-53,Mayenne,Metropolitan Department
FR,FR-54,Meurthe-et-Moselle,Metropolitan Department
FR,FR-55,Meuse,Metropolitan Department
FR,FR-56,Morbihan,Metropolitan Department
FR,FR-57,Moselle,Metropolitan Department
FR,FR-58,Nièvre,Metropolitan Department
FR,FR-59,Nord,Metropolitan Department
FR,FR-60,Oise,Metropolitan Department
FR,FR-61,Orne,Metropolitan Department
FR,FR-62,Pas-de-Calais,Metropolitan Department
FR,FR-63,Puy-de-Dôme,Metropolitan Department
FR,FR-64,Pyrénées-Atlantiques,Metropolitan Department
FR,FR-65,Hautes-Pyrénées,Metropolitan Department
FR,FR-66,Pyrénées-Orientales,Metropolitan Department
FR,FR-67,Bas-Rhin,Metropolitan Department
FR,FR-68,Haut-Rhin,Metropolitan Department
FR,FR-69,Rhone,Metropolitan Department
FR,FR-70,Haute-Saône,Metropolitan Department
FR,FR-71,Saône-et-Loire,Metropolitan Department
FR,FR-72,Sarthe,Metropolitan Department
FR,FR-73,Savoie,Metropolitan Department
FR,FR-74,Haute-Savoie,Metropolitan Department
FR,FR-75,Paris,Metropolitan Department
FR,FR-76,Seine-Maritime,Metropolitan Department
FR,FR-77,Seine-et-Marne,Metropolitan Department
FR,FR-78,Yvelines,Metropolitan Department
FR,FR-79,Deux-Sèvres,Metropolitan Department
FR,FR-80,Somme,Metropolitan Department
FR,FR-81,Tarn,Metropolitan Department
FR,FR-82,Tarn-et-Garonne,Metropolitan Department
FR,FR-83,Var,Metropolitan Department
FR,FR-84,Vaucluse,Metropolitan Department
FR,FR-85,Vendée,Metropolitan Department
FR,FR-86,Vienne,Metropolitan Department
FR,FR-87,Haute-Vienne,Metropolitan Department
FR,FR-88,Vosges,Metropolitan Department
FR,FR-89,Yonne,Metropolitan Department
FR,FR-90,Territoire de Belfort,Metropolitan Department
FR,FR-91,Essonne,Metropolitan Department
FR,FR-92,Hauts-de-Seine,Metropolitan Department
FR,FR-93,Seine-Saint-Denis,Metropolitan Department
FR,FR-94,Val-de-Marne,Metropolitan Department
FR,FR-A,Alsace,Metropolitan Regions
FR,FR-B,Aquitaine,Metropolitan Regions
FR,FR-BL,Saint-Barthélemy,Overseas Territorial Collectivity
FR,FR-C,Auvergne,Metropolitan Regions
FR,FR-CP,Clipperton Island,Dependency
FR,FR-D,Burgundy,Metropolitan Regions
FR,FR-E,Brittany,Metropolitan Regions
FR,FR-F,Center,Metropolitan Regions
FR,FR-G,Champagne-Ardenne,Metropolitan Regions
FR,FR-GF,Guyane,Overseas Regions
FR,FR-GP,Guadeloupe,Overseas Regions
FR,FR-H,Corsica,Metropolitan Regions
FR,FR-I,Franche-Comté,Metropolitan Regions
FR,FR-J,Île-de-France,Metropolitan Regions
FR,FR-K,Languedoc-Roussillon,Metropolitan Regions
FR,FR-L,Limousin,Metropolitan Regions
FR,FR-M,Lorraine,Metropolitan Regions
FR,FR-MF,Saint-Martin,Overseas Territorial Collectivity
FR,FR-MQ,Martinique,Overseas Regions
FR,FR-N,Midi-Pyrénées,Metropolitan Regions
FR,FR-NC,Nouvelle-Calédonie,Overseas Territory
FR,FR-O,Nord-Pas-de-Calais,Metropolitan Regions
FR,FR-P,Lower Normandy,Metropolitan Regions
FR,FR-PF,Polynésie française,Overseas Territory
FR,FR-PM,Saint-Pierre-et-Miquelon,Territorial Collectivity
FR,FR-Q,Upper Normandy,Metropolitan Regions
FR,FR-R,Pays de la Loire,Metropolitan Regions
FR,FR-RE,La Réunion,Overseas Regions
FR,FR-S,Picardy,Metropolitan Regions
FR,FR-T,Poitou-Charentes,Metropolitan Regions
FR,FR-TF,Terres Australes Françaises,Overseas Territory
FR,FR-V,Rhône-Alpes,Metropolitan Regions
FR,FR-WF,Wallis et Futuna,Overseas Territory
FR,FR-YT,Mayotte,Territorial Collectivity
GA,GA-1,Estuaire,Province
GA,GA-2,Haut-Ogooué Province,Province
GA,GA-3,Moyen-Ogooué Province,Province
GA,GA-4,Ngounié Province,Province
GA,GA-5,Nyanga,Province
GA,GA-6,Ogooué-Ivindo Province,Province
GA,GA-7,Ogooué-Lolo Province,Province
GA,GA-8,Ogooué-Maritime Province,Province
GA,GA-9,Woleu-Ntem Province,Province
GB,GB-ABD,Aberdeenshire,Council Area (Scotland)
GB,GB-ABE,Aberdeen,Council Area (Scotland)
GB,GB-AGB,Argyll and Bute,Council Area (Scotland)
GB,GB-AGY,Isle of Anglesey,Unitary Authority (Wales)
GB,GB-ANS,Angus,Council Area (Scotland)
GB,GB-ANT,Antrim,District Council Area (Northern Ireland)
GB,GB-ARD,ARD,District Council Area (Northern Ireland)
GB,GB-ARM,Armagh,District Council Area (Northern Ireland)
GB,GB-BAS,Bath and North East Somerset,Unitary Authority
GB,GB-BBD,Blackburn with Darwen,Unitary Authority
GB,GB-BDF,Bedfordshire,Unitary Authority
GB,GB-BDG,London Borough of Barking and Dagenham,Borough
GB,GB-BEN,Brent,Borough
GB,GB-BEX,Bexley,Borough
GB,GB-BFS,Belfast,District Council Area (Northern Ireland)
GB,GB-BGE,Bridgend,Unitary Authority (Wales)
GB,GB-BGW,Blaenau Gwent,Unitary Authority (Wales)
GB,GB-BIR,Birmingham,Metropolitan District
GB,GB-BKM,Buckinghamshire,Two-Tier County
GB,GB-BLA,Ballymena,District Council Area (Northern Ireland)
GB,GB-BLY,Ballymoney,District Council Area (Northern Ireland)
GB,GB-BMH,Bournemouth,Unitary Authority
GB,GB-BNB,Banbridge,District Council Area (Northern Ireland)
GB,GB-BNE,Barnet,Borough
GB,GB-BNH,Brighton and Hove,Unitary Authority
GB,GB-BNS,Barnsley,Metropolitan District
GB,GB-BOL,Bolton,Metropolitan District
GB,GB-BPL,Blackpool,Unitary Authority
GB,GB-BRC,Bracknell Forest,Unitary Authority
GB,GB-BRD,Bradford,Metropolitan District
GB,GB-BRY,Bromley,Borough
GB,GB-BST,Bristol,Unitary Authority
GB,GB-BUR,Bury,Metropolitan District
GB,GB-CAM,Cambridgeshire,Two-Tier County
GB,GB-CAY,Caerphilly,Unitary Authority (Wales)
GB,GB-CGN,Ceredigion,Unitary Authority (Wales)
GB,GB-CGV,Craigavon,District Council Area (Northern Ireland)
GB,GB-CHS,Cheshire,
GB,GB-CKF,Carrickfergus,District Council Area (Northern Ireland)
GB,GB-CKT,Cookstown,District Council Area (Northern Ireland)
GB,GB-CLD,Calderdale,Metropolitan District
GB,GB-CLK,Clackmannanshire,Council Area (Scotland)
GB,GB-CLR,Coleraine,District Council Area (Northern Ireland)
GB,GB-CMA,Cumbria,Two-Tier County
GB,GB-CMD,Camden,Borough
GB,GB-CMN,Carmarthenshire,Unitary Authority (Wales)
GB,GB-CON,Cornwall,Unitary Authority
GB,GB-COV,Coventry,Metropolitan District
GB,GB-CRF,Cardiff,Unitary Authority (Wales)
GB,GB-CRY,Croydon,Borough
GB,GB-CSR,Robert Stewart,District Council Area (Northern Ireland)
GB,GB-CWY,Conwy,Unitary Authority (Wales)
GB,GB-DAL,Darlington,Unitary Authority
GB,GB-DBY,Derbyshire,Two-Tier County
GB,GB-DEN,Denbighshire,Unitary Authority (Wales)
GB,GB-DER,Derby,Unitary Authority
GB,GB-DEV,Devon,Two-Tier County
GB,GB-DGN,Dungannon and South Tyrone Borough Council,District Council Area (Northern Ireland)
GB,GB-DGY,Dumfries and Galloway,Council Area (Scotland)
GB,GB-DNC,Doncaster,Metropolitan District
GB,GB-DND,Dundee,Council Area (Scotland)
GB,GB-DOR,Dorset,Two-Tier County
GB,GB-DOW,Down,District Council Area (Northern Ireland)
GB,GB-DRY,Derry,District Council Area (Northern Ireland)
GB,GB-DUD,Dudley,Metropolitan District
GB,GB-DUR,Durham,Unitary Authority
GB,GB-EAL,Ealing,Borough
GB,GB-EAY,East Ayrshire,Council Area (Scotland)
GB,GB-EDH,Edinburgh,Council Area (Scotland)
GB,GB-EDU,East Dunbartonshire,Council Area (Scotland)
GB,GB-ELN,East Lothian,Council Area (Scotland)
GB,GB-ELS,Outer Hebrides,Council Area (Scotland)
GB,GB-ENF,Enfield,Borough
GB,GB-ERW,East Renfrewshire,Council Area (Scotland)
GB,GB-ERY,East Riding of Yorkshire,Unitary Authority
GB,GB-ESS,Essex,Two-Tier County
GB,GB-ESX,East Sussex,Two-Tier County
GB,GB-FAL,Falkirk,Council Area (Scotland)
GB,GB-FER,County Fermanagh,District Council Area (Northern Ireland)
GB,GB-FIF,Fife,Council Area (Scotland)
GB,GB-FLN,Flintshire,Unitary Authority (Wales)
GB,GB-GAT,Gateshead,Metropolitan District
GB,GB-GLG,Glasgow,Council Area (Scotland)
GB,GB-GLS,Gloucestershire,Two-Tier County
GB,GB-GRE,Greenwich,Borough
GB,GB-GWN,Gwynedd,Unitary Authority (Wales)
GB,GB-HAL,Halton,Unitary Authority
GB,GB-HAM,Hampshire,Two-Tier County
GB,GB-HAV,London Borough of Havering,Borough
GB,GB-HCK,Hackney,Borough
GB,GB-HEF,Herefordshire,Unitary Authority
GB,GB-HIL,Hillingdon,Borough
GB,GB-HLD,Highland,Council Area (Scotland)
GB,GB-HMF,London Borough of Hammersmith and Fulham,Borough
GB,GB-HNS,Hounslow,Borough
GB,GB-HPL,Hartlepool,Unitary Authority
GB,GB-HRT,Hertfordshire,Two-Tier County
GB,GB-HRW,Harrow,Borough
GB,GB-HRY,Haringey,Borough
GB,GB-IOS,Isles of Scilly,
GB,GB-IOW,Isle of Wight,Unitary Authority
GB,GB-ISL,Islington,Borough
GB,GB-IVC,Inverclyde,Council Area (Scotland)
GB,GB-KEC,Kensington and Chelsea,Borough
GB,GB-KEN,Kent,Two-Tier County
GB,GB-KHL,Kingston upon Hull,Unitary Authority
GB,GB-KIR,Kirklees,Metropolitan District
GB,GB-KTT,Kingston upon Thames,Borough
GB,GB-KWL,Knowsley,Metropolitan District
GB,GB-LAN,Lancashire,Two-Tier County
GB,GB-LBH,Lambeth,Borough
GB,GB-LCE,Leicester,Unitary Authority
GB,GB-LDS,Leeds,Metropolitan District
GB,GB-LEC,Leicestershire,Two-Tier County
GB,GB-LEW,Lewisham,Borough
GB,GB-LIN,Lincolnshire,Two-Tier County
GB,GB-LIV,Liverpool,Metropolitan District
GB,GB-LMV,Limavady,District Council Area (Northern Ireland)
GB,GB-LND,City of London,City Corporation
GB,GB-LRN,Larne,District Council Area (Northern Ireland)
GB,GB-LSB,Lisburn,District Council Area (Northern Ireland)
GB,GB-LUT,Luton,Unitary Authority
GB,GB-MAN,Manchester,Metropolitan District
GB,GB-MDB,Middlesbrough,Unitary Authority
GB,GB-MDW,Medway,Unitary Authority
GB,GB-MFT,Magherafelt,District Council Area (Northern Ireland)
GB,GB-MIK,Milton Keynes,Unitary Authority
GB,GB-MLN,Midlothian,Council Area (Scotland)
GB,GB-MON,Monmouthshire,Unitary Authority (Wales)
GB,GB-MRT,Merton,Borough
GB,GB-MRY,Moray,Council Area (Scotland)
GB,GB-MTY,Merthyr Tydfil,Unitary Authority (Wales)
GB,GB-MYL,Moyle,District Council Area (Northern Ireland)
GB,GB-NAY,North Ayrshire,Council Area (Scotland)
GB,GB-NBL,Northumberland,Unitary Authority
GB,GB-NDN,North Down,District Council Area (Northern Ireland)
GB,GB-NEL,North East Lincolnshire,Unitary Authority
GB,GB-NET,Newcastle upon Tyne,Metropolitan District
GB,GB-NFK,Norfolk,Two-Tier County
GB,GB-NGM,Nottingham,Unitary Authority
GB,GB-NLK,North Lanarkshire,Council Area (Scotland)
GB,GB-NLN,North Lincolnshire,Unitary Authority
GB,GB-NSM,North Somerset,Unitary Authority
GB,GB-NTA,Newtownabbey,District Council Area (Northern Ireland)
GB,GB-NTH,Northamptonshire,Two-Tier County
GB,GB-NTL,Neath Port Talbot,Unitary Authority (Wales)
GB,GB-NTT,Nottinghamshire,Two-Tier County
GB,GB-NTY,North Tyneside,Metropolitan District
GB,GB-NWM,London Borough of Newham,Borough
GB,GB-NWP,Newport,Unitary Authority (Wales)
GB,GB-NYK,North Yorkshire,Two-Tier County
GB,GB-NYM,Newry and Mourne District Council,District Council Area (Northern Ireland)
GB,GB-OLD,Oldham,Metropolitan District
GB,GB-OMH,Omagh,District Council Area (Northern Ireland)
GB,GB-ORK,Orkney,Council Area (Scotland)
GB,GB-OXF,Oxfordshire,Two-Tier County
GB,GB-PEM,Pembrokeshire,Unitary Authority (Wales)
GB,GB-PKN,Perth and Kinross,Council Area (Scotland)
GB,GB-PLY,Plymouth,Unitary Authority
GB,GB-POL,Poole,Unitary Authority
GB,GB-POR,Portsmouth,Unitary Authority
GB,GB-POW,Powys,Unitary Authority (Wales)
GB,GB-PTE,Peterborough,Unitary Authority
GB,GB-RCC,Redcar and Cleveland,Unitary Authority
GB,GB-RCH,Rochdale,Metropolitan District
GB,GB-RCT,Rhondda,Unitary Authority (Wales)
GB,GB-RDB,Redbridge,Borough
GB,GB-RDG,Reading,Unitary Authority
GB,GB-RFW,Renfrewshire,Council Area (Scotland)
GB,GB-RIC,London Borough of Richmond upon Thames,Borough
GB,GB-ROT,Rotherham,Metropolitan District
GB,GB-RUT,Rutland,Unitary Authority
GB,GB-SAW,Sandwell,Metropolitan District
GB,GB-SAY,South Ayrshire,Council Area (Scotland)
GB,GB-SCB,Scottish Borders,Council Area (Scotland)
GB,GB-SFK,Suffolk,Two-Tier County
GB,GB-SFT,Sefton,Metropolitan District
GB,GB-SGC,South Gloucestershire,Unitary Authority
GB,GB-SHF,Sheffield,Metropolitan District
GB,GB-SHN,St Helens,Metropolitan District
GB,GB-SHR,Shropshire,Unitary Authority
GB,GB-SKP,Stockport,Metropolitan District
GB,GB-SLF,Salford,Metropolitan District
GB,GB-SLG,Slough,Unitary Authority
GB,GB-SLK,South Lanarkshire,Council Area (Scotland)
GB,GB-SND,Sunderland,Metropolitan District
GB,GB-SOL,Solihull,Metropolitan District
GB,GB-SOM,Somerset,Two-Tier County
GB,GB-SOS,Southend-on-Sea,Unitary Authority
GB,GB-SRY,Surrey,Two-Tier County
GB,GB-STB,Strabane,District Council Area (Northern Ireland)
GB,GB-STE,Stoke-on-Trent,Unitary Authority
GB,GB-STG,Stirling,Council Area (Scotland)
GB,GB-STH,Southampton,Unitary Authority
GB,GB-STN,Sutton,Borough
GB,GB-STS,Staffordshire,Two-Tier County
GB,GB-STT,Stockton-on-Tees,Unitary Authority
GB,GB-STY,South Tyneside,Metropolitan District
GB,GB-SWA,Swansea,Unitary Authority (Wales)
GB,GB-SWD,Swindon,Unitary Authority
GB,GB-SWK,Southwark,Borough
GB,GB-TAM,Tameside,Metropolitan District
GB,GB-TFW,Telford and Wrekin,Unitary Authority
GB,GB-THR,Thurrock,Unitary Authority
GB,GB-TOB,Torbay,Unitary Authority
GB,GB-TOF,Torfaen,Unitary Authority (Wales)
GB,GB-TRF,Trafford,Metropolitan District
GB,GB-TWH,London Borough of Tower Hamlets,Borough
GB,GB-VGL,Vale of Glamorgan,Unitary Authority (Wales)
GB,GB-WAR,Warwickshire,Two-Tier County
GB,GB-WBK,West Berkshire,Unitary Authority
GB,GB-WDU,West Dunbartonshire,Council Area (Scotland)
GB,GB-WFT,London Borough of Waltham Forest,Borough
GB,GB-WGN,Wigan,Metropolitan District
GB,GB-WIL,Wiltshire,Unitary Authority
GB,GB-WKF,Wakefield,Metropolitan District
GB,GB-WLL,Walsall,Metropolitan District
GB,GB-WLN,West Lothian,Council Area (Scotland)
GB,GB-WLV,Wolverhampton,Metropolitan District
GB,GB-WND,Wandsworth,Borough
GB,GB-WNM,Royal Borough of Windsor and Maidenhead,Unitary Authority
GB,GB-WOK,Wokingham,Unitary Authority
GB,GB-WOR,Worcestershire,Two-Tier County
GB,GB-WRL,Wirral,Metropolitan District
GB,GB-WRT,Warrington,Unitary Authority
GB,GB-WRX,Wrexham,Unitary Authority (Wales)
GB,GB-WSM,Westminster,Borough
GB,GB-WSX,West Sussex,Two-Tier County
GB,GB-YOR,York,Unitary Authority
GB,GB-ZET,Shetland,Council Area (Scotland)
GD,GD-01,Saint Andrew,Parish
GD,GD-02,Saint David,Parish
GD,GD-03,Saint George,Parish
GD,GD-04,Saint John,Parish
GD,GD-05,Mark the Evangelist,Parish
GD,GD-06,Saint Patrick,Parish
GD,GD-10,Carriacou and Petite Martinique,Dependency
GE,GE-AB,Abkhazia,Autonomous Republic
GE,GE-AJ,Adjara,Autonomous Republic
GE,GE-GU,Guria,Region
GE,GE-IM,Imereti,Region
GE,GE-KA,Kakheti,Region
GE,GE-KK,Kvemo Kartli,Region
GE,GE-MM,Mtskheta-Mtianeti,Region
GE,GE-RL,Racha-Lechkhumi  Kvemo Svaneti,Region
GE,GE-SJ,Samtskhe-Javakheti,Region
GE,GE-SK,Shida Kartli,Region
GE,GE-SZ,Samegrelo-Zemo Svaneti,Region
GE,GE-TB,Tbilisi,City
GH,GH-AA,Greater Accra Region,Region
GH,GH-AH,Ashanti,Region
GH,GH-BA,Brong-Ahafo Region,Region
GH,GH-CP,Central,Region
GH,GH-EP,Eastern,Region
GH,GH-NP,Northern,Region
GH,GH-TV,Volta,Region
GH,GH-UE,Upper East Region,Region
GH,GH-UW,Upper West,Region
GH,GH-WP,Western,Region
GL,GL-KU,Kommune Kujalleq,Municipality
GL,GL-QA,Qaasuitsup Kommunia,Municipality
GL,GL-QE,Qeqqata Kommunia,Municipality
GL,GL-SM,Kommuneqarfik Sermersooq,Municipality
GM,GM-B,Banjul,City
GM,GM-L,Lower River Division,Division
GM,GM-M,MacCarthy Island,Division
GM,GM-N,North Bank,Division
GM,GM-U,Upper River Division,Division
GM,GM-W,Western,Division
GN,GN-B,Boké,Governorates
GN,GN-BE,Beyla,Perfecture
GN,GN-BF,Boffa,Perfecture
GN,GN-BK,Boké,Perfecture
GN,GN-C,Conakry,Special Zone.
GN,GN-CO,Coyah,Perfecture
GN,GN-D,Kindia,Governorates
GN,GN-DB,Dabola,Perfecture
GN,GN-DI,Dinguiraye,Perfecture
GN,GN-DL,Dalaba,Perfecture
GN,GN-DU,Dubréka,Perfecture
GN,GN-F,faranah,Governorates
GN,GN-FA,Faranah,Perfecture
GN,GN-FO,Forécariah,Perfecture
GN,GN-FR,Fria,Perfecture
GN,GN-GA,Gaoual,Perfecture
GN,GN-GU,Guéckédougou,Perfecture
GN,GN-K,Kankan,Governorates
GN,GN-KA,Kankan,Perfecture
GN,GN-KB,Koubia,Perfecture
GN,GN-KD,Kindia,Perfecture
GN,GN-KE,Kérouané,Perfecture
GN,GN-KN,Koundara,Perfecture
GN,GN-KO,Kouroussa,Perfecture
GN,GN-KS,Kissidougou,Perfecture
GN,GN-L,Labé,Governorates
GN,GN-LA,Labé,Perfecture
GN,GN-LE,Lélouma,Perfecture
GN,GN-LO,Lola,Perfecture
GN,GN-M,Mamou,Governorates
GN,GN-MC,Macenta,Perfecture
GN,GN-MD,Mandiana,Perfecture
GN,GN-ML,Mali,Perfecture
GN,GN-MM,Mamou,Perfecture
GN,GN-N,Nzérékoré,Governorates
GN,GN-NZ,Nzérékoré,Perfecture
GN,GN-PI,Pita,Perfecture
GN,GN-SI,Siguiri,Perfecture
GN,GN-TE,Télimélé,Perfecture
GN,GN-TO,Tougué,Perfecture
GN,GN-YO,Yomou,Perfecture
GQ,GQ-AN,Annobón Province,Province
GQ,GQ-BN,Bioko Norte Province,Province
GQ,GQ-BS,Bioko Sur Province,Province
GQ,GQ-C,Mainland,Region
GQ,GQ-CS,Centro Sur Province,Province
GQ,GQ-I,Insular Region,Region
GQ,GQ-KN,Kié-Ntem Province,Province
GQ,GQ-LI,Littoral zone,Province
GQ,GQ-WN,Wele-Nzas Province,Province
GR,GR-01,Aetolia-Acarnania,Department
GR,GR-03,Boeotia,Department
GR,GR-04,Euboea,Department
GR,GR-05,Evrytania,Department
GR,GR-06,Phthiotis,Department
GR,GR-07,Phocis,Department
GR,GR-11,Argolis,Department
GR,GR-12,Arcadia,Department
GR,GR-13,Achaea,Department
GR,GR-14,Elis,Department
GR,GR-15,Corinthia,Department
GR,GR-16,Laconia,Department
GR,GR-17,Messenia,Department
GR,GR-21,Zakynthos,Department
GR,GR-22,Corfu,Department
GR,GR-23,Cephalonia,Department
GR,GR-24,Lefkada,Department
GR,GR-31,Arta,Department
GR,GR-32,Thesprotia,Department
GR,GR-33,Ioannina,Department
GR,GR-34,Preveza,Department
GR,GR-41,Karditsa,Department
GR,GR-42,Larissa,Department
GR,GR-43,Magnesia,Department
GR,GR-44,Trikala,Department
GR,GR-51,Grevena,Department
GR,GR-52,Drama,Department
GR,GR-53,Imathia,Department
GR,GR-54,Thessaloniki,Department
GR,GR-55,Kavala,Department
GR,GR-56,Kastoria,Department
GR,GR-57,Kilkis,Department
GR,GR-58,Kozani,Department
GR,GR-59,Pella,Department
GR,GR-61,Pieria,Department
GR,GR-62,Serres,Department
GR,GR-63,Florina,Department
GR,GR-64,Chalkidiki,Department
GR,GR-69,Mount Athos,Self-Governed Part
GR,GR-71,Evros,Department
GR,GR-72,Xanthi,Department
GR,GR-73,Rodopi,Department
GR,GR-81,Dodecanese,Department
GR,GR-82,Cyclades,Department
GR,GR-83,Lesbos,Department
GR,GR-84,Samos,Department
GR,GR-85,Chios,Department
GR,GR-91,Heraklion,Department
GR,GR-92,Lasithi,Department
GR,GR-93,Rethymno,Department
GR,GR-94,Chania,Department
GR,GR-A,East Macedonia and Thrace,Administrative Regions
GR,GR-A1,Attica,Department
GR,GR-B,Central Macedonia,Administrative Regions
GR,GR-C,West Macedonia,Administrative Regions
GR,GR-D,Epirus,Administrative Regions
GR,GR-E,Thessaly,Administrative Regions
GR,GR-F,Ionian Islands,Administrative Regions
GR,GR-G,West Greece,Administrative Regions
GR,GR-H,Central Greece,Administrative Regions
GR,GR-I,Attica,Administrative Regions
GR,GR-J,Peloponnese,Administrative Regions
GR,GR-K,North Aegean,Administrative Regions
GR,GR-L,South Aegean,Administrative Regions
GR,GR-M,Kriti,Administrative Regions
GT,GT-AV,Alta Verapaz Department,Department
GT,GT-BV,Baja Verapaz Department,Department
GT,GT-CM,Chimaltenango,Department
GT,GT-CQ,Chiquimula,Department
GT,GT-ES,Escuintla,Department
GT,GT-GU,Guatemala,Department
GT,GT-HU,Huehuetenango,Department
GT,GT-IZ,Izabal,Department
GT,GT-JA,Jalapa,Department
GT,GT-JU,Jutiapa,Department
GT,GT-PE,Petén,Department
GT,GT-PR,El Progreso,Department
GT,GT-QC,Quiche,Department
GT,GT-QZ,Quetzaltenango,Department
GT,GT-RE,Retalhuleu,Department
GT,GT-SA,Sacatepéquez,Department
GT,GT-SM,San Marcos,Department
GT,GT-SO,Sololá,Department
GT,GT-SR,Santa Rosa,Department
GT,GT-SU,Suchitepéquez Department,Department
GT,GT-TO,Totonicapán,Department
GT,GT-ZA,Zacapa,Department
GW,GW-BA,Bafatá,Region
GW,GW-BL,Bolama,Region
GW,GW-BM,Biombo Region,Region
GW,GW-BS,Bissau,Autonomous Sector
GW,GW-CA,Cacheu,Region
GW,GW-GA,Gabú,Region
GW,GW-L,Leste,Province
GW,GW-N,Norte,Province
GW,GW-OI,Oio,Region
GW,GW-QU,Quinara Region,Region
GW,GW-S,Sulis,Province
GW,GW-TO,Tombali,Region
GY,GY-BA,Barima-Waini,Region
GY,GY-CU,Cuyuni-Mazaruni,Region
GY,GY-DE,Demerara-Mahaica,Region
GY,GY-EB,East Berbice-Corentyne,Region
GY,GY-ES,Essequibo Islands-West Demerara,Region
GY,GY-MA,Mahaica-Berbice,Region
GY,GY-PM,Pomeroon-Supenaam,Region
GY,GY-PT,Potaro-Siparuni,Region
GY,GY-UD,Upper Demerara-Berbice,Region
GY,GY-UT,Upper Takutu-Upper Essequibo,Region
HN,HN-AT,Atlántida,Department
HN,HN-CH,Choluteca,Department
HN,HN-CL,Colón,Department
HN,HN-CM,Comayagua,Department
HN,HN-CP,Copán,Department
HN,HN-CR,Cortes,Department
HN,HN-EP,El Paraíso,Department
HN,HN-FM,Francisco Morazán,Department
HN,HN-GD,Gracias a Dios,Department
HN,HN-IB,Bay Islands Department,Department
HN,HN-IN,La Esperanza,Department
HN,HN-LE,Lempira,Department
HN,HN-LP,La Paz,Department
HN,HN-OC,Ocotepeque,Department
HN,HN-OL,Olancho Department,Department
HN,HN-SB,Santa Barbara,Department
HN,HN-VA,Valle,Department
HN,HN-YO,Yoro,Department
HR,HR-01,Zagrebacka županija,County
HR,HR-02,Krapina-Zagorje County,County
HR,HR-03,Sisacko-moslavacka županija,County
HR,HR-04,Karlovacka županija,County
HR,HR-05,Varaždin County,County
HR,HR-06,Koprivnicko-križevacka županija,County
HR,HR-07,Bjelovar-Bilogora County,County
HR,HR-08,Primorje-Gorski Kotar County,County
HR,HR-09,Licko-senjska županija,County
HR,HR-10,Viroviticko-podravska županija,County
HR,HR-11,Požega-Slavonia County,County
HR,HR-12,Brod-Posavina County,County
HR,HR-13,Zadar County,County
HR,HR-14,Osjecko-baranjska županija,County
HR,HR-15,Šibenik-Knin County,County
HR,HR-16,Vukovar-Syrmia County,County
HR,HR-17,Split-Dalmatia County,County
HR,HR-18,Istria County,County
HR,HR-19,Dubrovacko-neretvanska županija,County
HR,HR-20,Medimurska županija,County
HR,HR-21,Zagreb,City
HT,HT-AR,Artibonite,Department
HT,HT-CE,Center,Department
HT,HT-GA,Grande-Anse,Department
HT,HT-ND,Nord,Department
HT,HT-NE,Nord-Est,Department
HT,HT-NI,Nippes,Department
HT,HT-NO,Nord-Ouest Department,Department
HT,HT-OU,Ouest,Department
HT,HT-SD,Sud,Department
HT,HT-SE,Sud-Est,Department
HU,HU-BA,Baranya,County
HU,HU-BC,Békéscsaba,City Of County Right
HU,HU-BE,Békés,County
HU,HU-BK,Bács-Kiskun County,County
HU,HU-BU,Budapest,Capital City
HU,HU-BZ,Borsod-Abaúj-Zemplén County,County
HU,HU-CS,Csongrád,County
HU,HU-DE,Debrecen,City Of County Right
HU,HU-DU,Dunaújváros,City Of County Right
HU,HU-EG,Eger,City Of County Right
HU,HU-ER,ERD,County
HU,HU-FE,Fejér County,County
HU,HU-GS,Gy?r-Moson-Sopron County,County
HU,HU-GY,Gy?r,City Of County Right
HU,HU-HB,Hajdú-Bihar County,County
HU,HU-HE,Heves,County
HU,HU-HV,Hódmez?vásárhely,City Of County Right
HU,HU-JN,Jász-Nagykun-Szolnok County,County
HU,HU-KE,Komárom-Esztergom County,County
HU,HU-KM,Kecskemét,City Of County Right
HU,HU-KV,Kaposvár,City Of County Right
HU,HU-MI,Miskolc,City Of County Right
HU,HU-NK,Nagykanizsa,City Of County Right
HU,HU-NO,Nógrád,County
HU,HU-NY,Nyíregyháza,City Of County Right
HU,HU-PE,Pest,County
HU,HU-PS,Pécs,City Of County Right
HU,HU-SD,Szeged,City Of County Right
HU,HU-SF,Székesfehérvár,City Of County Right
HU,HU-SH,Szombathely,City Of County Right
HU,HU-SK,Szolnok,City Of County Right
HU,HU-SN,Sopron,City Of County Right
HU,HU-SO,Somogy,County
HU,HU-SS,Szekszárd,City Of County Right
HU,HU-ST,Salgótarján,City Of County Right
HU,HU-SZ,Szabolcs-Szatmár-Bereg County,County
HU,HU-TB,Tatabánya,City Of County Right
HU,HU-TO,Tolna,County
HU,HU-VA,Vas County,County
HU,HU-VE,Veszprém,County
HU,HU-VM,Veszprém City,City Of County Right
HU,HU-ZA,Zala County,County
HU,HU-ZE,Zalaegerszeg,City Of County Right
ID,ID-AC,Aceh,Autonomous Province
ID,ID-BA,Bali,Province
ID,ID-BB,Bangka–Belitung Islands,Province
ID,ID-BE,Bengkulu,Province
ID,ID-BT,Banten,Province
ID,ID-GO,Gorontalo,Province
ID,ID-IJ,Papua,Geographic Units
ID,ID-JA,Jambi,Province
ID,ID-JB,West Java,Province
ID,ID-JI,East Java,Province
ID,ID-JK,Jakarta,Special District
ID,ID-JT,Central Java,Province
ID,ID-JW,Jawa,Geographic Units
ID,ID-KA,Kalimantan,Geographic Units
ID,ID-KB,West Kalimantan,Province
ID,ID-KI,East Kalimantan,Province
ID,ID-KR,Riau Islands Province,Province
ID,ID-KS,South Kalimantan,Province
ID,ID-KT,Central Kalimantan,Province
ID,ID-LA,Lampung,Province
ID,ID-MA,Maluku,Province
ID,ID-ML,Maluku,Geographic Units
ID,ID-MU,North Maluku,Province
ID,ID-NB,West Nusa Tenggara,Province
ID,ID-NT,East Nusa Tenggara,Province
ID,ID-NU,Lesser Sunda Islands,Geographic Units
ID,ID-PA,Papua,Province
ID,ID-PB,West Papua,Province
ID,ID-RI,Riau,Province
ID,ID-SA,North Sulawesi,Province
ID,ID-SB,West Sumatra,Province
ID,ID-SG,South East Sulawesi,Province
ID,ID-SL,Sulawesi,Geographic Units
ID,ID-SM,Sumatra,Geographic Units
ID,ID-SN,South Sulawesi,Province
ID,ID-SR,West Sulawesi,Province
ID,ID-SS,South Sumatra,Province
ID,ID-ST,Central Sulawesi,Province
ID,ID-SU,North Sumatra,Province
ID,ID-YO,Yogyakarta,Special Region
IE,IE-C,Connacht,Province
IE,IE-C,Cork,County
IE,IE-CE,Clare,County
IE,IE-CN,Cavan,County
IE,IE-CO,Cork,County
IE,IE-CW,Carlow,County
IE,IE-D,Dublin,County
IE,IE-DL,Donegal,County
IE,IE-G,Galway,County
IE,IE-KE,Kildare,County
IE,IE-KK,Kilkenny,County
IE,IE-KY,Kerry,County
IE,IE-L,Leinster,Province
IE,IE-LD,Longford,County
IE,IE-LH,Louth,County
IE,IE-LK,Limerick,County
IE,IE-LM,Leitrim,County
IE,IE-LS,County Laois,County
IE,IE-M,Munster,Province
IE,IE-MH,Meath,County
IE,IE-MN,Monaghan,County
IE,IE-MO,Mayo,County
IE,IE-OY,County Offaly,County
IE,IE-RN,Roscommon,County
IE,IE-SO,Sligo,County
IE,IE-TA,Tipperary,County
IE,IE-U,Ulster,Province
IE,IE-WD,Waterford,County
IE,IE-WH,County Westmeath,County
IE,IE-WW,Wicklow,County
IE,IE-WX,Wexford,County
IL,IL-D,Southern District,District
IL,IL-HA,Haifa,District
IL,IL-JM,Jerusalem,District
IL,IL-M,Central District,District
IL,IL-TA,Tel Aviv,District
IL,IL-Z,North District,District
IN,IN-AN,Andaman and Nicobar Islands,Union Territory
IN,IN-AP,Andhra Pradesh,State
IN,IN-AR,Arunachal Pradesh,State
IN,IN-AS,Assam,State
IN,IN-BR,Bihar,State
IN,IN-CH,Chandigarh,Union Territory
IN,IN-CT,Chhattisgarh,State
IN,IN-DD,Daman and Diu,Union Territory
IN,IN-DL,Delhi,Union Territory
IN,IN-DN,Dadra and Nagar Haveli,Union Territory
IN,IN-GA,Goa,State
IN,IN-GJ,Gujarat,State
IN,IN-HP,Himachal Pradesh,State
IN,IN-HR,Haryana,State
IN,IN-JH,Jharkhand,State
IN,IN-JK,Jammu and Kashmir,State
IN,IN-KA,Karnataka,State
IN,IN-KL,Kerala,State
IN,IN-LD,Lakshadweep,Union Territory
IN,IN-MH,Maharashtra,State
IN,IN-ML,Meghalaya,State
IN,IN-MN,Manipur,State
IN,IN-MP,Madhya Pradesh,State
IN,IN-MZ,Mizoram,State
IN,IN-NL,Nagaland,State
IN,IN-OR,Orissa,State
IN,IN-PB,Punjab,State
IN,IN-PY,Pondicherry,Union Territory
IN,IN-RJ,Rajasthan,State
IN,IN-SK,Sikkim,State
IN,IN-TN,Tamil Nadu,State
IN,IN-TR,Tripura,State
IN,IN-UL,Uttarakhand,State
IN,IN-UP,Uttar Pradesh,State
IN,IN-WB,West Bengal,State
IQ,IQ-AN,Anbar Province,Province
IQ,IQ-AR,Erbil,Province
IQ,IQ-BA,Basra,Province
IQ,IQ-BB,Babylon Province,Province
IQ,IQ-BG,Baghdad,Province
IQ,IQ-DA,Dohuk,Province
IQ,IQ-DI,Diyalá,Province
IQ,IQ-DQ,Dhi Qar Province,Province
IQ,IQ-KA,Karbala,Province
IQ,IQ-MA,Maysan Province,Province
IQ,IQ-MU,Muthanna Province,Province
IQ,IQ-NA,Najaf,Province
IQ,IQ-NI,Ninawá,Province
IQ,IQ-QA,Al-Q?disiyyah,Province
IQ,IQ-SD,Salah ad-Din,Province
IQ,IQ-SU,Sulaymaniyah,Province
IQ,IQ-TS,Kirkuk Province,Province
IQ,IQ-WA,Wasit,Province
IR,IR-01,Az¯arbayjan-e Sharqi,Province
IR,IR-02,Az¯arbayjan-e Gharbi,Province
IR,IR-03,Ardabil,Province
IR,IR-04,Isfahan,Province
IR,IR-05,Ilam,Province
IR,IR-06,Bushehr,Province
IR,IR-07,Tehran,Province
IR,IR-08,Chahar Mah¸all va Bakhtiari,Province
IR,IR-09,Khorasan,
IR,IR-10,Khuzestan Province,Province
IR,IR-11,Zanjan,Province
IR,IR-12,Semnan,Province
IR,IR-13,Sistan and Baluchestan Province,Province
IR,IR-14,Fars,Province
IR,IR-15,Kerman,Province
IR,IR-16,Kurdistan,Province
IR,IR-17,Kermanshah,Province
IR,IR-18,Kohgiluyeh and Boyer-Ahmad Province,Province
IR,IR-19,Gilan Province,Province
IR,IR-20,Lorestan Province,Province
IR,IR-21,Mazandaran Province,Province
IR,IR-22,Markazi,Province
IR,IR-23,Hormozgan Province,Province
IR,IR-24,Hamadan,Province
IR,IR-25,Yazd,Province
IR,IR-26,Qom,Province
IR,IR-27,Gulistan,Province
IR,IR-28,Qazvin,Province
IR,IR-29,Khorasan-e Janubi,Province
IR,IR-30,Khorasan-e Razavi,Province
IR,IR-31,Khorasan-e Shemali,Province
IS,IS-0,Reykjavík,City
IS,IS-1,Greater Reykjavík,Region
IS,IS-2,Suðurnes,Region
IS,IS-3,Vesturland,Region
IS,IS-4,Westfjords,Region
IS,IS-5,Norðurland vestra,Region
IS,IS-6,Norðurland eystra,Region
IS,IS-7,Austurland,Region
IS,IS-8,Suðurland,Region
IT,IT-21,Piedmont,Region
IT,IT-23,Aosta Valley,Region
IT,IT-25,Lombardy,Region
IT,IT-32,Trentino-Alto Adige/Südtirol,Region
IT,IT-34,Veneto,Region
IT,IT-36,Friuli-Venezia Giulia,Region
IT,IT-42,Liguria,Region
IT,IT-45,Emilia-Romagna,Region
IT,IT-52,Tuscany,Region
IT,IT-55,Umbria,Region
IT,IT-57,Marche,Region
IT,IT-62,Lazio,Region
IT,IT-65,Abruzzo,Region
IT,IT-67,Molise,Region
IT,IT-72,Campania,Region
IT,IT-75,Apulia,Region
IT,IT-77,Basilicata,Region
IT,IT-78,Calabria,Region
IT,IT-82,Sicily,Region
IT,IT-88,Sardinia,Region
IT,IT-AG,Agrigento,Province
IT,IT-AL,Alessandria,Province
IT,IT-AN,Ancona,Province
IT,IT-AO,Aosta,Province
IT,IT-AP,Ascoli Piceno,Province
IT,IT-AR,Arezzo,Province
IT,IT-AT,Asti,Province
IT,IT-AV,Avellino,Province
IT,IT-BA,Bari,Province
IT,IT-BG,Bergamo,Province
IT,IT-BI,Biella,Province
IT,IT-BL,Belluno,Province
IT,IT-BN,Benevento,Province
IT,IT-BO,Bologna,Province
IT,IT-BR,Brindisi,Province
IT,IT-BS,Brescia,Province
IT,IT-BT,Province of Barletta-Andria-Trani,Province
IT,IT-BZ,Bolzano,Province
IT,IT-CA,Cagliari,Province
IT,IT-CB,Campobasso,Province
IT,IT-CE,Caserta,Province
IT,IT-CH,Chieti,Province
IT,IT-CI,Province of Carbonia-Iglesias,Province
IT,IT-CL,Caltanissetta,Province
IT,IT-CN,Cuneo,Province
IT,IT-CO,Como,Province
IT,IT-CR,Cremona,Province
IT,IT-CS,Cosenza,Province
IT,IT-CT,Catania,Province
IT,IT-CZ,Catanzaro,Province
IT,IT-EN,Enna,Province
IT,IT-FC,Province of Forlì-Cesena,Province
IT,IT-FE,Ferrara,Province
IT,IT-FG,Foggia,Province
IT,IT-FI,Florence,Province
IT,IT-FM,Fermo,Province
IT,IT-FO,Forlì,
IT,IT-FR,Frosinone,Province
IT,IT-GE,Genoa,Province
IT,IT-GO,Gorizia,Province
IT,IT-GR,Grosseto,Province
IT,IT-IM,Imperia,Province
IT,IT-IS,Isernia,Province
IT,IT-KR,Crotone,Province
IT,IT-LC,Lecco,Province
IT,IT-LE,Lecce,Province
IT,IT-LI,Livorno,Province
IT,IT-LO,Lodi,Province
IT,IT-LT,Latino,Province
IT,IT-LU,Lucca,Province
IT,IT-MA,Province of Medio Campidano,Province
IT,IT-MB,Province of Monza and Brianza,Province
IT,IT-MC,Macerata,Province
IT,IT-ME,Messina,Province
IT,IT-MI,Milan,Province
IT,IT-MN,Mantua,Province
IT,IT-MO,Modena,Province
IT,IT-MS,Province of Massa and Carrara,Province
IT,IT-MT,Matera,Province
IT,IT-NA,Naples,Province
IT,IT-NO,Novara,Province
IT,IT-NU,Nuoro,Province
IT,IT-OG,Province of Ogliastra,Province
IT,IT-OL,Province of Olbia-Tempio,Province
IT,IT-OR,Oristano,Province
IT,IT-OT,Province of Olbia-Tempio,Province
IT,IT-PA,Palermo,Province
IT,IT-PC,Piacenza,Province
IT,IT-PD,Padua,Province
IT,IT-PE,Pescara,Province
IT,IT-PG,Perugia,Province
IT,IT-PI,Pisa,Province
IT,IT-PN,Pordenone,Province
IT,IT-PO,Prato,Province
IT,IT-PR,Parma,Province
IT,IT-PS,Province of Pesaro and Urbino,Province
IT,IT-PT,Pistoia,Province
IT,IT-PU,Province of Pesaro and Urbino,Province
IT,IT-PV,Pavia,Province
IT,IT-PZ,Potenza,Province
IT,IT-RA,Ravenna,Province
IT,IT-RC,Reggio Calabria,Province
IT,IT-RE,Reggio Emilia,Province
IT,IT-RG,Ragusa,Province
IT,IT-RI,Rieti,Province
IT,IT-RM,Roma,Province
IT,IT-RN,Rimini,Province
IT,IT-RO,Rovigo,Province
IT,IT-SA,Salerno,Province
IT,IT-SI,Siena,Province
IT,IT-SO,Sondrio,Province
IT,IT-SP,La Spezia,Province
IT,IT-SR,Siracusa,Province
IT,IT-SS,Sassari,Province
IT,IT-SV,Savona,Province
IT,IT-TA,Taranto,Province
IT,IT-TE,Teramo,Province
IT,IT-TN,Trento,Province
IT,IT-TO,Turin,Province
IT,IT-TP,Trapani,Province
IT,IT-TR,Terni,Province
IT,IT-TS,Trieste,Province
IT,IT-TV,Treviso,Province
IT,IT-UD,Udine,Province
IT,IT-VA,Varese,Province
IT,IT-VB,Province of Verbano-Cusio-Ossola,Province
IT,IT-VC,Vercelli,Province
IT,IT-VE,Venice,Province
IT,IT-VI,Vicenza,Province
IT,IT-VR,Verona,Province
IT,IT-VS,Province of Medio Campidano,Province
IT,IT-VT,Viterbo,Province
IT,IT-VV,Vibo Valentia,Province
JM,JM-01,Kingston,Parish
JM,JM-02,Saint Andrew,Parish
JM,JM-03,Saint Thomas,Parish
JM,JM-04,Portland,Parish
JM,JM-05,Mary,Parish
JM,JM-06,Saint Anne,Parish
JM,JM-07,Trelawney,Parish
JM,JM-08,Saint James,Parish
JM,JM-09,Hanover,Parish
JM,JM-10,Westmoreland,Parish
JM,JM-11,Saint Elizabeth,Parish
JM,JM-12,Manchester,Parish
JM,JM-13,Clarendon,Parish
JM,JM-14,St. Catherine,Parish
JO,JO-AJ,‘Ajl?n,Province
JO,JO-AM,‘Amm?n,Province
JO,JO-AQ,Aqaba,Province
JO,JO-AT,Tafilah,Province
JO,JO-AZ,Zarqa,Province
JO,JO-BA,Balqa Governorate,Province
JO,JO-IR,Irbid,Province
JO,JO-JA,Jarash,Province
JO,JO-KA,Al Karak,Province
JO,JO-MA,Mafraq,Province
JO,JO-MD,M?dab?,Province
JO,JO-MN,Ma`an,Province
JP,JP-01,Hokkaidô,Territory
JP,JP-02,Aomori,Perfecture
JP,JP-03,Iwate,Perfecture
JP,JP-04,Miyagi,Perfecture
JP,JP-05,Akita,Perfecture
JP,JP-06,Yamagata,Perfecture
JP,JP-07,Hukusima,Perfecture
JP,JP-08,Ibaraki,Perfecture
JP,JP-09,Totigi,Perfecture
JP,JP-10,Gunma Prefecture,Perfecture
JP,JP-11,Saitama,Perfecture
JP,JP-12,Tiba,Perfecture
JP,JP-13,Tôkyô,Metropolis
JP,JP-14,Kanagawa Prefecture,Perfecture
JP,JP-15,Niigata,Perfecture
JP,JP-16,Toyama,Perfecture
JP,JP-17,Isikawa,Perfecture
JP,JP-18,Hukui,Perfecture
JP,JP-19,Yamanasi,Perfecture
JP,JP-20,Nagano,Perfecture
JP,JP-21,Gihu,Perfecture
JP,JP-22,Sizuoka,Perfecture
JP,JP-23,Aiti,Perfecture
JP,JP-24,Mie,Perfecture
JP,JP-25,Siga,Perfecture
JP,JP-26,Kyôto,Urban Perfecture
JP,JP-27,Ôsaka,Urban Perfecture
JP,JP-28,Hyôgo,Perfecture
JP,JP-29,Nara,Perfecture
JP,JP-30,Wakayama,Perfecture
JP,JP-31,Tottori,Perfecture
JP,JP-32,Simane,Perfecture
JP,JP-33,Okayama,Perfecture
JP,JP-34,Hirosima,Perfecture
JP,JP-35,Yamaguti,Perfecture
JP,JP-36,Tokusima,Perfecture
JP,JP-37,Kagawa,Perfecture
JP,JP-38,Ehime Prefecture,Perfecture
JP,JP-39,Kôti,Perfecture
JP,JP-40,Hukuoka,Perfecture
JP,JP-41,Saga,Perfecture
JP,JP-42,Nagasaki,Perfecture
JP,JP-43,Kumamoto,Perfecture
JP,JP-44,Ôita,Perfecture
JP,JP-45,Miyazaki,Perfecture
JP,JP-46,Kagosima,Perfecture
JP,JP-47,Okinawa Prefecture,Perfecture
KE,KE-110,Nairobi,Province
KE,KE-200,Central,Province
KE,KE-300,Coast,Province
KE,KE-400,Eastern,Province
KE,KE-500,North-Eastern,Province
KE,KE-600,Nyanza,Province
KE,KE-700,Rift Valley,Province
KE,KE-900,Western,Province
KG,KG-B,Batken,Region
KG,KG-C,Chuy Province,Region
KG,KG-GB,Bishkek,City
KG,KG-J,Jalal-Abad,Region
KG,KG-N,Naryn,Region
KG,KG-O,Osh,Region
KG,KG-T,Talas,Region
KG,KG-Y,Issyk Kul,Region
KH,KH-1,Banteay Mean Chey,Province
KH,KH-10,Kracheh,Province
KH,KH-11,Mondol Kiri,Province
KH,KH-12,Phnom Penh,Autonomous Municipality
KH,KH-13,Preah Vihear,Province
KH,KH-14,Prey Veaeng,Province
KH,KH-15,Pousaat,Province
KH,KH-16,Rotanak Kiri,Province
KH,KH-17,Siem Reab,Province
KH,KH-18,Krong Preah Sihanouk,Autonomous Municipality
KH,KH-19,Stueng Traeng,Province
KH,KH-2,Baat Dambang,Province
KH,KH-20,Svaay Rieng,Province
KH,KH-21,Taakaev,Province
KH,KH-22,Otdar Mean Chey,Province
KH,KH-23,Krong Kaeb,Autonomous Municipality
KH,KH-24,Krong Pailin,Autonomous Municipality
KH,KH-3,Kampong Chaam,Province
KH,KH-4,Kampong Chhnang,Province
KH,KH-5,Kampong Spueu,Province
KH,KH-6,Kampong Thum,Province
KH,KH-7,Kampot,Province
KH,KH-8,Kandaal,Province
KH,KH-9,Kaoh Kong,Province
KI,KI-G,Gilbert Islands,Island Group
KI,KI-L,Line Islands,Island Group
KI,KI-P,Phoenix Islands,Island Group
KM,KM-A,Andjouân,Island
KM,KM-G,Grande Comore,Island
KM,KM-M,Moûhîlî,Island
KN,KN-01,Christ Church Nichola Town Parish,Parish
KN,KN-02,Saint Anne Sandy Point Parish,Parish
KN,KN-03,Saint George Basseterre Parish,Parish
KN,KN-04,Saint George Gingerland Parish,Parish
KN,KN-05,Saint James Windward Parish,Parish
KN,KN-06,Saint John Capisterre Parish,Parish
KN,KN-07,Saint John Figtree Parish,Parish
KN,KN-08,Saint Mary Cayon Parish,Parish
KN,KN-09,Saint Paul Capisterre,Parish
KN,KN-10,Saint Paul Charlestown Parish,Parish
KN,KN-11,Saint Peter Basseterre Parish,Parish
KN,KN-12,Saint Thomas Lowland Parish,Parish
KN,KN-13,Saint Thomas Middle Island Parish,Parish
KN,KN-15,Trinity Palmetto Point Parish,Parish
KN,KN-K,Saint Kitts,State
KN,KN-N,Nevis,State
KP,KP-01,Pyongyang,Capital City
KP,KP-02,South Pyongan Province,Province
KP,KP-03,Pyongan-bukdo,Province
KP,KP-04,Chagang Province,Province
KP,KP-05,South Hwanghae Province,Province
KP,KP-06,North Hwanghae Province,Province
KP,KP-07,Gangwon,Province
KP,KP-08,South Hamgyong Province,Province
KP,KP-09,Hamgyong-bukdo,Province
KP,KP-10,Ryanggang Province,Province
KP,KP-13,Nason,Special City
KP,KP-CHA,Chagang Province,Province
KP,KP-HAB,North Hamgyong Province,Province
KP,KP-HAN,South Hamgyong Province,Province
KP,KP-HWB,North Hwanghae Province,Province
KP,KP-HWN,South Hwanghae Province,Province
KP,KP-KAE,Kaesong,Special City
KP,KP-KAN,Gangwon,Province
KP,KP-NAJ,Rason,Special City
KP,KP-NAM,Nampho,Special City
KP,KP-PYB,North Pyongan Province,Province
KP,KP-PYN,South Pyongan Province,Province
KP,KP-PYO,Pyongyang,Special City
KP,KP-YAN,Ryanggang Province,Province
KR,KR-11,Seoul Teugbyeolsi,Capital Metropolitan City
KR,KR-41,Gyeonggido,Province
KR,KR-43,Chungcheongbugdo,Province
KR,KR-44,Chungcheongnamdo,Province
KR,KR-45,Jeonrabugdo,Province
KR,KR-46,Jeonranamdo,Province
KR,KR-47,Gyeongsangbugdo,Province
KR,KR-48,Gyeongsangnamdo,Province
KR,KR-49,Jejudo,Province
KW,KW-AH,Al Ahmadi,Governorate
KW,KW-FA,Al Farwaniyah,Governorate
KW,KW-HA,Hawalli,Governorate
KW,KW-JA,Al Jahra,Governorate
KW,KW-KU,Al Kuwayt,Governorate
KW,KW-MU,Mubarak Al-Kabeer,Governorate
KZ,KZ-AKM,Akmola Province,Region
KZ,KZ-AKT,Aktobe Province,Region
KZ,KZ-ALA,Almaty,City
KZ,KZ-ALM,Almaty Province,Region
KZ,KZ-AST,Astana,City
KZ,KZ-ATY,Atyrau oblysy,Region
KZ,KZ-BAY,Baikonur,City
KZ,KZ-KAR,Karagandy Province,Region
KZ,KZ-KUS,Kostanay Province,Region
KZ,KZ-KZY,Kyzylorda Province,Region
KZ,KZ-MAN,Mangystau Province,Region
KZ,KZ-PAV,Pavlodar Province,Region
KZ,KZ-SEV,North Kazakhstan Province,Region
KZ,KZ-VOS,East Kazakhstan Province,Region
KZ,KZ-YUZ,South Kazakhstan Province,Region
KZ,KZ-ZAP,West Kazakhstan Province,Region
KZ,KZ-ZHA,Jambyl Province,Region
LA,LA-AT,Attapu,Province
LA,LA-BK,Bokeo Province,Province
LA,LA-BL,Bolikhamxai,Province
LA,LA-CH,Champasak,Province
LA,LA-HO,Houaphanh Province,Province
LA,LA-KH,Khammouane Province,Province
LA,LA-LM,Luang Namtha,Province
LA,LA-LP,Louangphabang,Province
LA,LA-OU,Oudômxai,Province
LA,LA-PH,Phôngsali,Province
LA,LA-SL,Salavan,Province
LA,LA-SV,Savannakhet,Province
LA,LA-VI,Vientiane,Province
LA,LA-VT,Vientiane Prefecture,Prefecture
LA,LA-XA,Xaignabouli,Province
LA,LA-XE,Xékong,Province
LA,LA-XI,Xiangkhoang,Province
LA,LA-XN,Xaisomboun,Special Zone
LB,LB-AK,Aakkar,Province
LB,LB-AS,North Governorate,Province
LB,LB-BA,Beirut,Province
LB,LB-BH,Baalbek-Hermel,Province
LB,LB-BI,Beqaa,Province
LB,LB-JA,South Governorate,Province
LB,LB-JL,Mount Lebanon Governorate,Province
LB,LB-NA,Nabatieh,Province
LI,LI-01,Balzers,Commune
LI,LI-02,Eschen,Commune
LI,LI-03,Gamprin,Commune
LI,LI-04,Mauren,Commune
LI,LI-05,Planken,Commune
LI,LI-06,Ruggell,Commune
LI,LI-07,Schaan,Commune
LI,LI-08,Schellenberg,Commune
LI,LI-09,Triesen,Commune
LI,LI-10,Triesenberg,Commune
LI,LI-11,Vaduz,Commune
LK,LK-1,Western Province,Province
LK,LK-11,Colombo,District
LK,LK-12,Gampaha,District
LK,LK-13,Kalutara,District
LK,LK-2,Central Province,Province
LK,LK-21,Kandy,District
LK,LK-22,Matale,District
LK,LK-23,Nuwara Eliya,District
LK,LK-3,Southern Province,Province
LK,LK-31,Galle,District
LK,LK-32,Matara,District
LK,LK-33,Hambantota,District
LK,LK-4,Northern Province,Province
LK,LK-41,Jaffna,District
LK,LK-42,Kilinochchi,District
LK,LK-43,Mannar,District
LK,LK-44,Vavuniya,District
LK,LK-45,Mullaitivu,District
LK,LK-5,Central Province,Province
LK,LK-51,Madakalapuva,District
LK,LK-52,Ampara,District
LK,LK-53,Trincomalee,District
LK,LK-6,North Western Province,Province
LK,LK-61,Kurunegala,District
LK,LK-62,Puttalam,District
LK,LK-7,North Central Province,Province
LK,LK-71,Anuradhapura,District
LK,LK-72,Polonnaruwa,District
LK,LK-8,Uva Province,Province
LK,LK-81,Badulla,District
LK,LK-82,Moneragala,District
LK,LK-9,Sabaragamuwa Province,Province
LK,LK-91,Ratnapura,District
LK,LK-92,Kegalle,District
LR,LR-BG,Bong,County
LR,LR-BM,Bomi,County
LR,LR-CM,Grand Cape Mount County,County
LR,LR-GB,Grand Bassa County,County
LR,LR-GG,Grand Gedeh County,County
LR,LR-GK,Grand Kru County,County
LR,LR-LO,Lofa,County
LR,LR-MG,Margibi County,County
LR,LR-MO,Montserrado County,County
LR,LR-MY,Maryland,County
LR,LR-NI,Nimba,County
LR,LR-RI,River Cess,County
LR,LR-SI,Sinoe,County
LS,LS-A,Maseru,District
LS,LS-B,Butha-Buthe,District
LS,LS-C,Leribe,District
LS,LS-D,Berea,District
LS,LS-E,Mafeteng,District
LS,LS-G,Quthing,District
LS,LS-J,Mokhotlong,District
LS,LS-K,Thaba-Tseka,District
LT,LT-AL,Alytus County,County
LT,LT-KL,Klaip?da County,County
LT,LT-KU,Kaunas County,County
LT,LT-MR,Marijampol? County,County
LT,LT-PN,Panev?žys County,County
LT,LT-SA,Šiauliu Apskritis,County
LT,LT-TA,Taurag? County,County
LT,LT-TE,Telšiu Apskritis,County
LT,LT-UT,Utena County,County
LT,LT-VL,Vilnius County,County
LU,LU-D,Diekirch,District
LU,LU-G,Grevenmacher,District
LU,LU-L,Luxembourg,District
LV,LV-001,Aglonas novads,District
LV,LV-002,Aizkraukles novads,District
LV,LV-003,Aizputes novads,District
LV,LV-004,Akn?stes novads,District
LV,LV-005,Alojas novads,District
LV,LV-006,Alsungas novads,District
LV,LV-007,Al?ksnes novads,District
LV,LV-008,Amatas novads,District
LV,LV-009,Apes novads,District
LV,LV-010,Auces novads,District
LV,LV-011,?dažu novads,District
LV,LV-012,Bab?tes novads,District
LV,LV-013,Baldones novads,District
LV,LV-014,Baltinavas novads,District
LV,LV-015,Balvu novads,District
LV,LV-016,Bauskas novads,District
LV,LV-017,Bever?nas novads,District
LV,LV-018,Broc?nu novads,District
LV,LV-019,Burtnieku novads,District
LV,LV-020,Carnikavas novads,District
LV,LV-021,Cesvaines novads,District
LV,LV-022,C?su novads,District
LV,LV-023,Ciblas novads,District
LV,LV-024,Dagdas novads,District
LV,LV-025,Daugavpils novads,District
LV,LV-026,Dobeles novads,District
LV,LV-027,Dundagas novads,District
LV,LV-028,Durbes novads,District
LV,LV-029,Engures novads,District
LV,LV-030,?rg?u novads,District
LV,LV-031,Garkalnes novads,District
LV,LV-032,Grobi?as novads,District
LV,LV-033,Gulbenes novads,District
LV,LV-034,Iecavas novads,District
LV,LV-035,Ikš?iles novads,District
LV,LV-036,Il?kstes novads,District
LV,LV-037,In?ukalna novads,District
LV,LV-038,Jaunjelgavas novads,District
LV,LV-039,Jaunpiebalgas novads,District
LV,LV-040,Jaunpils novads,District
LV,LV-041,Jelgavas novads,District
LV,LV-042,J?kabpils novads,District
LV,LV-043,Kandavas novads,District
LV,LV-044,K?rsavas novads,District
LV,LV-045,Koc?ni municipality,District
LV,LV-046,Kokneses novads,District
LV,LV-047,Kr?slavas novads,District
LV,LV-048,Krimuldas novads,District
LV,LV-049,Krustpils novads,District
LV,LV-050,Kuld?gas novads,District
LV,LV-051,?eguma novads,District
LV,LV-052,?ekavas novads,District
LV,LV-053,Lielv?rdes novads,District
LV,LV-054,Limbažu novads,District
LV,LV-055,L?gatnes novads,District
LV,LV-056,L?v?nu novads,District
LV,LV-057,Lub?nas novads,District
LV,LV-058,Ludzas novads,District
LV,LV-059,Madonas novads,District
LV,LV-060,Mazsalacas novads,District
LV,LV-061,M?lpils novads,District
LV,LV-062,M?rupes novads,District
LV,LV-063,M?rsrags municipality,District
LV,LV-064,Naukš?nu novads,District
LV,LV-065,Neretas novads,District
LV,LV-066,N?cas novads,District
LV,LV-067,Ogres novads,District
LV,LV-068,Olaines novads,District
LV,LV-069,Ozolnieku novads,District
LV,LV-070,P?rgaujas novads,District
LV,LV-071,P?vilostas novads,District
LV,LV-072,P?avi?u novads,District
LV,LV-073,Prei?u novads,District
LV,LV-074,Priekules novads,District
LV,LV-075,Prieku?u novads,District
LV,LV-076,Raunas novads,District
LV,LV-077,R?zeknes novads,District
LV,LV-078,Riebi?u novads,District
LV,LV-079,Rojas novads,District
LV,LV-080,Ropažu novads,District
LV,LV-081,Rucavas novads,District
LV,LV-082,Rug?ju novads,District
LV,LV-083,Rund?les novads,District
LV,LV-084,R?jienas novads,District
LV,LV-085,Salas novads,District
LV,LV-086,Salacgr?vas novads,District
LV,LV-087,Salaspils novads,District
LV,LV-088,Saldus novads,District
LV,LV-089,Saulkrastu novads,District
LV,LV-090,S?jas novads,District
LV,LV-091,Siguldas novads,District
LV,LV-092,Skr?veru novads,District
LV,LV-093,Skrundas novads,District
LV,LV-094,Smiltenes novads,District
LV,LV-095,Stopi?u novads,District
LV,LV-096,Stren?u novads,District
LV,LV-097,Talsu novads,District
LV,LV-098,T?rvetes novads,District
LV,LV-099,Tukuma novads,District
LV,LV-100,Vai?odes novads,District
LV,LV-101,Valkas novads,District
LV,LV-102,Varak??nu novads,District
LV,LV-103,V?rkavas novads,District
LV,LV-104,Vecpiebalgas novads,District
LV,LV-105,Vecumnieku novads,District
LV,LV-106,Ventspils novads,District
LV,LV-107,Vies?tes novads,District
LV,LV-108,Vi?akas novads,District
LV,LV-109,Vi??nu novads,District
LV,LV-110,Zilupes novads,District
LV,LV-AI,Aizkraukles Aprinkis,District
LV,LV-AL,Aluksnes Aprinkis,District
LV,LV-BL,Balvu Aprinkis,District
LV,LV-BU,Bauskas Aprinkis,District
LV,LV-CE,Cesu Aprinkis,District
LV,LV-DA,Daugavpils Aprinkis,District
LV,LV-DGV,Daugavpils,City
LV,LV-DO,Dobeles Aprinkis,District
LV,LV-GU,Gulbenes Aprinkis,District
LV,LV-JEL,Jelgava,City
LV,LV-JK,Jekabpils Aprinkis,District
LV,LV-JKB,J?kabpils,City
LV,LV-JL,Jelgavas Aprinkis,District
LV,LV-JUR,J?rmala,City
LV,LV-KR,Kraslavas Aprinkis,District
LV,LV-KU,Kuldigas Aprinkis,District
LV,LV-LE,Liepajas Aprinkis,District
LV,LV-LM,Limbažu Aprinkis,District
LV,LV-LPX,Liep?ja,City
LV,LV-LU,Ludzas Aprinkis,District
LV,LV-MA,Madonas Aprinkis,District
LV,LV-OG,Ogres Aprinkis,District
LV,LV-PR,Preilu Aprinkis,District
LV,LV-RE,Rezeknes Aprinkis,District
LV,LV-REZ,R?zekne,City
LV,LV-RI,Rigas Aprinkis,District
LV,LV-RIX,Riga,City
LV,LV-SA,Saldus Aprinkis,District
LV,LV-TA,Talsu Aprinkis,District
LV,LV-TU,Tukuma Aprinkis,District
LV,LV-VE,Ventspils Aprinkis,District
LV,LV-VEN,Ventspils,City
LV,LV-VK,Valkas Aprinkis,District
LV,LV-VM,Valmieras Aprinkis,District
LV,LV-VMR,Valmiera,City
LY,LY-AJ,Ajdabiya,
LY,LY-BA,Benghazi,Popularate
LY,LY-BU,Butnan District,Popularate
LY,LY-BW,Bani Walid,
LY,LY-DR,Derna,Popularate
LY,LY-GD,Ghadames,
LY,LY-GR,Gharyan,
LY,LY-GT,Ghat,Popularate
LY,LY-HZ,Al ?iz?m al Akh?ar,
LY,LY-JA,Al Jabal al Akh?ar,Popularate
LY,LY-JB,Jaghbub,
LY,LY-JG,Nafusa Mountains,Popularate
LY,LY-JI,Al Jifarah,Popularate
LY,LY-JU,Jufra District,Popularate
LY,LY-KF,Kufra District,Popularate
LY,LY-MB,Al Marqab,Popularate
LY,LY-MI,Misrata,Popularate
LY,LY-MJ,Marj,Popularate
LY,LY-MQ,Murzuk,Popularate
LY,LY-MZ,Mizda,
LY,LY-NL,Nalut,Popularate
LY,LY-NQ,Nuqat al Khams,Popularate
LY,LY-QB,Al Qubbah,
LY,LY-QT,Qatrun,
LY,LY-SB,Sabha,Popularate
LY,LY-SH,Wadi al Shatii District,District
LY,LY-SR,Surt,Popularate
LY,LY-SS,Sabratah Surman,
LY,LY-TB,Tripoli,Popularate
LY,LY-TM,Tarhunah-Masallatah,
LY,LY-WA,Al Wahat District,Popularate
LY,LY-WD,W?d? al ?ay?t,Popularate
LY,LY-WS,Wadi al Shatii District,Popularate
LY,LY-YJ,Yafran-Jadu,
LY,LY-ZA,Zawiya,Popularate
MA,MA-01,Tangier-Tetouan,Region
MA,MA-02,Gharb-Chrarda-Béni Hssen,Region
MA,MA-03,Taza-Al Hoceima-Taounate,Region
MA,MA-04,Orient,Rerion
MA,MA-05,Fès-Boulemane,Region
MA,MA-06,Meknès-Tafilalet,Region
MA,MA-07,Rabat-Salé-Zemmour-Zaer,Region
MA,MA-08,Grand Casablanca,Region
MA,MA-09,Chaouia-Ouardigh,Region
MA,MA-10,Doukkala-Abda,Region
MA,MA-11,Marrakesh-Tensift-El Haouz,Region
MA,MA-12,Tadla-Azilal,Region
MA,MA-13,Souss-Massa-Drâa,Region
MA,MA-14,Guelmim-Es Smar,Region
MA,MA-15,Laâyoune-Boujdour-Sakia El Hamra,Region
MA,MA-16,Oued Ed-Dahab-Lagouira,Region
MA,MA-AGD,Agadir,Prefecture
MA,MA-AOU,Aousserd,Prefecture
MA,MA-ASZ,Assa-Zag Province,Province
MA,MA-AZI,Azilal,Province
MA,MA-BAH,Chtouka Aït Baha Province,Province
MA,MA-BEM,Beni Mellal,Province
MA,MA-BER,Berkane,Province
MA,MA-BES,Ben Slimane,Province
MA,MA-BOD,Boujdour,Province
MA,MA-BOM,Boulemane,Province
MA,MA-CAS,Casablanca,Prefecture
MA,MA-CHE,Chefchaouen,Province
MA,MA-CHI,Chichaoua,Province
MA,MA-CHT,Chtouka-Ait Baha,
MA,MA-ERR,Errachidia,Province
MA,MA-ESI,Essaouira,Province
MA,MA-ESM,Es Smara,Province
MA,MA-FAH,Fahs-Anjra,Prefecture
MA,MA-FES,Fes,Prefecture
MA,MA-FIG,Figuig,Province
MA,MA-GUE,Guelmim,Province
MA,MA-HAJ,El Hajeb,Province
MA,MA-HAO,Al Haouz Province,Province
MA,MA-HOC,Al Hoceima,Province
MA,MA-IFR,Ifrane,Province
MA,MA-INE,Inezgane,Prefecture
MA,MA-JDI,El Jadida,Province
MA,MA-JRA,Jerada,Province
MA,MA-KEN,Kenitra,Province
MA,MA-KES,El Kelaa des Sraghna,Province
MA,MA-KHE,Khemisset,Province
MA,MA-KHN,Khenifra,Province
MA,MA-KHO,Khouribga,Province
MA,MA-LAA,Laâyoune,Province
MA,MA-LAR,Larache,Province
MA,MA-MAR,Marrakech,
MA,MA-MED,Mediouna,Province
MA,MA-MEK,Meknes,Prefecture
MA,MA-MEL,Aït Melloul,
MA,MA-MMD,Marrakech,Prefecture
MA,MA-MMN,Marrakech,Prefecture
MA,MA-MOH,Mohammadia,Prefecture
MA,MA-MOU,Moulay Yacoub Province,
MA,MA-NAD,Nador,Province
MA,MA-NOU,Nouaceur,Province
MA,MA-OUA,Ouarzazate,Province
MA,MA-OUD,Oued ed Dahab,Province
MA,MA-OUJ,Oujda,Prefecture
MA,MA-RAB,Rabat,Prefecture
MA,MA-RBA,Rabat-Salé,
MA,MA-SAF,Safi,Province
MA,MA-SAL,Connaught Salé,Prefecture
MA,MA-SEF,Sefrou,
MA,MA-SET,Settat,Province
MA,MA-SIK,Sidi Kacem,Province
MA,MA-SKH,Temara,Prefecture
MA,MA-SYB,Marrakech,Prefecture
MA,MA-TAI,Taourirt,Province
MA,MA-TAO,Taounate,Province
MA,MA-TAR,Taroudant,Province
MA,MA-TAT,Tata,Province
MA,MA-TAZ,Taza,Province
MA,MA-TET,Tétouan,
MA,MA-TIZ,Tiznit,Province
MA,MA-TNG,Tangier,
MA,MA-TNG,Tangier,Prefecture
MA,MA-TNT,Tan-Tan,Province
MA,MA-ZAG,Zagora,Province
MC,MC-CL,La Colle,Quarter
MC,MC-CO,La Condamine,Quarter
MC,MC-FO,Fontvieille,Quarter
MC,MC-GA,La Gare,Quarter
MC,MC-JE,Jardin Exotique,Quarter
MC,MC-LA,Larvotto,Quarter
MC,MC-MA,Malbousquet,Quarter
MC,MC-MC,Monte Carlo,Quarter
MC,MC-MG,Moneghetti,Quarter
MC,MC-MO,Monaco-Ville,Quarter
MC,MC-MU,Moulins,Quarter
MC,MC-PH,Port-Hercule,Quarter
MC,MC-SD,Sainte-Dévote,Quarter
MC,MC-SO,La Source,Quarter
MC,MC-SP,Spélugues,Quarter
MC,MC-SR,Saint-Roman,Quarter
MC,MC-VR,Vallon de la Rousse,Quarter
MD,MD-AN,Anenii Noi,District
MD,MD-BA,B?l?i,City
MD,MD-BD,Bender,City
MD,MD-BR,Briceni,District
MD,MD-BS,Basarabeasca,District
MD,MD-CA,Cahul,District
MD,MD-CH,Chisinau City,City
MD,MD-CL,C?l?ra?i,District
MD,MD-CM,Cimi?lia,District
MD,MD-CR,Criuleni,District
MD,MD-CS,C?u?eni,District
MD,MD-CT,Cantemir,District
MD,MD-CU,Chi?in?u,City
MD,MD-DO,Dondu?eni,District
MD,MD-DR,Drochia,District
MD,MD-DU,Dub?sari,District
MD,MD-ED,Edine?,District
MD,MD-FA,F?le?ti,District
MD,MD-FL,Flore?ti,District
MD,MD-GA,Gagauzia,Autonomous Territorial Unit
MD,MD-GL,Glodeni,District
MD,MD-HI,Hînce?ti,District
MD,MD-IA,Ialoveni,District
MD,MD-LA,L?pu?ina,District
MD,MD-LE,Leova,District
MD,MD-NI,Nisporeni,District
MD,MD-OC,Ocni?a,District
MD,MD-OR,Orhei,District
MD,MD-RE,Rezina,District
MD,MD-RI,Rî?cani,District
MD,MD-SD,?old?ne?ti,District
MD,MD-SI,Sîngerei,District
MD,MD-SN,Stînga Nistrului,Territorial Unit
MD,MD-SO,Soroca,District
MD,MD-ST,Str??eni,District
MD,MD-SV,?tefan Vod?,District
MD,MD-TA,Taraclia,District
MD,MD-TE,Telene?ti,District
MD,MD-TI,Bender,District
MD,MD-UN,Ungheni,District
ME,ME-01,Andrijevica,Commune
ME,ME-02,Bar,Commune
ME,ME-03,Berane,Commune
ME,ME-04,Bijelo Polje,Commune
ME,ME-05,Budva,Commune
ME,ME-06,Cetinje,Commune
ME,ME-07,Danilovgrad,Commune
ME,ME-08,Herceg Novi,Commune
ME,ME-09,Kolašin,Commune
ME,ME-10,Kotor,Commune
ME,ME-11,Mojkovac,Commune
ME,ME-12,Nikšic´,Commune
ME,ME-13,Plav,Commune
ME,ME-14,Pljevlja,Commune
ME,ME-15,Plužine,Commune
ME,ME-16,Podgorica,Commune
ME,ME-17,Rožaje,Commune
ME,ME-18,Šavnik,Commune
ME,ME-19,Tivat,Commune
ME,ME-20,Ulcinj,Commune
ME,ME-21,Žabljak,Commune
MG,MG-A,Toamasina,Province
MG,MG-D,Antsiranana,Province
MG,MG-F,Fianarantsoa,Province
MG,MG-M,Mahajanga,Province
MG,MG-T,Antananarivo,Province
MG,MG-U,Toliara,Province
MH,MH-ALK,Ailuk Atoll,Municipality
MH,MH-ALL,Ailinglaplap Atoll,Municipality
MH,MH-ARN,Arno,Municipality
MH,MH-AUR,AUR,Municipality
MH,MH-EBO,Ebon,Municipality
MH,MH-ENI,Enewetak Atoll,Municipality
MH,MH-JAB,Jabat Island,Municipality
MH,MH-JAL,Jaluit Atoll,Municipality
MH,MH-KIL,Kili,Municipality
MH,MH-KWA,Kwajalein Atoll,Municipality
MH,MH-L,Ralik Chain,Chain Of Islands
MH,MH-LAE,Lae,Municipality
MH,MH-LIB,Lib,Municipality
MH,MH-LIK,Likiep Atoll,Municipality
MH,MH-MAJ,Majuro,Municipality
MH,MH-MAL,Maloelap Atoll,Municipality
MH,MH-MEJ,Mejit Island,Municipality
MH,MH-MIL,Mili,Municipality
MH,MH-NMK,Namdrik Atoll,Municipality
MH,MH-NMU,Namu,Municipality
MH,MH-RON,Rongelap Atoll,Municipality
MH,MH-T,Ratak Chain,Chain Of Islands
MH,MH-UJA,Ujae Atoll,Municipality
MH,MH-UJL,Ujelang Atoll,Municipality
MH,MH-UTI,Utirik Atoll,Municipality
MH,MH-WTH,Wotho Atoll,Municipality
MH,MH-WTJ,Wotje Atoll,Municipality
MK,MK-01,Aerodrom,Municipality
MK,MK-02,Ara?inovo,Municipality
MK,MK-03,Berovo,Municipality
MK,MK-04,Bitola,Municipality
MK,MK-05,Bogdanci,Municipality
MK,MK-06,Bogovinje,Municipality
MK,MK-07,Bosilovo,Municipality
MK,MK-08,Brvenica,Municipality
MK,MK-09,Municipality of Butel,Municipality
MK,MK-10,Valandovo,Municipality
MK,MK-11,Vasilevo,Municipality
MK,MK-12,Vev?ani,Municipality
MK,MK-13,Veles,Municipality
MK,MK-14,Vinica,Municipality
MK,MK-15,Vraneštica,Municipality
MK,MK-16,Vrap?ište,Municipality
MK,MK-17,Municipality of Gazi Baba,Municipality
MK,MK-18,Gevgelija,Municipality
MK,MK-19,Gostivar,Municipality
MK,MK-20,Gradsko,Municipality
MK,MK-21,Debar,Municipality
MK,MK-22,Debarca,Municipality
MK,MK-23,Del?evo,Municipality
MK,MK-24,Demir Kapija,Municipality
MK,MK-25,Demir Hisar,Municipality
MK,MK-26,Dojran,Municipality
MK,MK-27,Dolneni,Municipality
MK,MK-28,Drugovo,Municipality
MK,MK-29,Gyorche Petrov,Municipality
MK,MK-30,Želino,Municipality
MK,MK-31,Zajas,Municipality
MK,MK-32,Zelenikovo,Municipality
MK,MK-33,Zrnovci,Municipality
MK,MK-34,Ilinden,Municipality
MK,MK-35,Jegunovce,Municipality
MK,MK-36,Kavadarci,Municipality
MK,MK-37,Karbinci,Municipality
MK,MK-38,Municipality of Karpoš,Municipality
MK,MK-39,Municipality of Kisela Voda,Municipality
MK,MK-40,Ki?evo,Municipality
MK,MK-41,Kon?e,Municipality
MK,MK-42,Ko?ani,Municipality
MK,MK-43,Kratovo,Municipality
MK,MK-44,Kriva Palanka,Municipality
MK,MK-45,Krivogaštani,Municipality
MK,MK-46,Kruševo,Municipality
MK,MK-47,Kumanovo,Municipality
MK,MK-48,Lipkovo,Municipality
MK,MK-49,Lozovo,Municipality
MK,MK-50,Municipality of Mavrovo and Rostuša,Municipality
MK,MK-51,Makedonska Kamenica,Municipality
MK,MK-52,Makedonski Brod,Municipality
MK,MK-53,Mogila,Municipality
MK,MK-54,Negotino,Municipality
MK,MK-55,Novaci,Municipality
MK,MK-56,Novo Selo,Municipality
MK,MK-57,Oslomej,Municipality
MK,MK-58,Ohrid,Municipality
MK,MK-59,Petrovec,Municipality
MK,MK-60,Peh?evo,Municipality
MK,MK-61,Plasnica,Municipality
MK,MK-62,Prilep,Municipality
MK,MK-63,Probištip,Municipality
MK,MK-64,Radoviš,Municipality
MK,MK-65,Rankovce,Municipality
MK,MK-66,Resen,Municipality
MK,MK-67,Rosoman,Municipality
MK,MK-68,Sarai,Municipality
MK,MK-69,Sveti Nikole,Municipality
MK,MK-70,Sopište,Municipality
MK,MK-71,Staro Nagori?ane,Municipality
MK,MK-72,Struga,Municipality
MK,MK-73,Strumica,Municipality
MK,MK-74,Studeni?ani,Municipality
MK,MK-75,Tearce,Municipality
MK,MK-76,Tetovo,Municipality
MK,MK-77,Centar,Municipality
MK,MK-78,Centar Župa,Municipality
MK,MK-79,Municipality of ?air,Municipality
MK,MK-80,?aška,Municipality
MK,MK-81,Municipality of ?ešinovo-Obleševo,Municipality
MK,MK-82,?u?er-Sandevo,Municipality
MK,MK-83,Štip,Municipality
MK,MK-84,Municipality of Šuto Orizari,Municipality
MK,MK-AD,Aerodrom,Municipality
MK,MK-AJ,Saraj,Municipality
MK,MK-AR,Ara?inovo,Municipality
MK,MK-AV,Kavadarci,Municipality
MK,MK-BG,Bogdanci,Municipality
MK,MK-BN,Brvenica,Municipality
MK,MK-BR,Berovo,Municipality
MK,MK-BS,Bosilovo,Municipality
MK,MK-BU,Butel,Municipality
MK,MK-CA,Caška,Municipality
MK,MK-CE,Centar,Municipality
MK,MK-CH,Cešinovo-Obleševo,Municipality
MK,MK-CI,Cair,Municipality
MK,MK-CS,Cucer Sandevo,Municipality
MK,MK-CZ,Centar Župa,Municipality
MK,MK-DA,Debarca,Municipality
MK,MK-DB,Debar,Municipality
MK,MK-DE,Dolneni,Municipality
MK,MK-DK,Demir Kapija,Municipality
MK,MK-DL,Del?evo,Municipality
MK,MK-DM,Demir Hisar,Municipality
MK,MK-DR,Drugovo,Municipality
MK,MK-ET,Tetovo,Municipality
MK,MK-GB,Gazi Baba,Municipality
MK,MK-GP,Gjorce Petrov,Municipality
MK,MK-GR,Gradsko,Municipality
MK,MK-GT,Gostivar,Municipality
MK,MK-GV,Gevgelija,Municipality
MK,MK-IL,Ilinden,Municipality
MK,MK-JG,Jegunovce,Municipality
MK,MK-KB,Karbinci,Municipality
MK,MK-KG,Krivogaštani,Municipality
MK,MK-KH,Ki?evo,Municipality
MK,MK-KN,Kon?e,Municipality
MK,MK-KS,Kruševo,Municipality
MK,MK-KX,Karpoš,Municipality
MK,MK-KY,Kratovo,Municipality
MK,MK-KZ,Kriva Palanka,Municipality
MK,MK-LI,Lipkovo,Municipality
MK,MK-LO,Lozovo,Municipality
MK,MK-MD,Makedonski Brod,Municipality
MK,MK-MG,Mogila,Municipality
MK,MK-MK,Makedonska Kamenica,Municipality
MK,MK-MR,Mavrovo-i-Rostuša,Municipality
MK,MK-NA,Staro Nagori?ane,Municipality
MK,MK-NG,Negotino,Municipality
MK,MK-NI,Vinica,Municipality
MK,MK-NS,Novo Selo,Municipality
MK,MK-NV,Novaci,Municipality
MK,MK-OC,Ko?ani,Municipality
MK,MK-OD,Ohrid,Municipality
MK,MK-OS,Oslomej,Municipality
MK,MK-PE,Petrovec,Municipality
MK,MK-PH,Peh?evo,Municipality
MK,MK-PN,Plasnica,Municipality
MK,MK-PP,Prilep,Municipality
MK,MK-PT,Probištip,Municipality
MK,MK-RE,Resen,Municipality
MK,MK-RM,Rosoman,Municipality
MK,MK-RN,Rankovce,Municipality
MK,MK-RU,Strumica,Municipality
MK,MK-RV,Radoviš,Municipality
MK,MK-SD,Dojran,Municipality
MK,MK-SL,Sveti Nikole,Municipality
MK,MK-SO,Šuto Orizari,Municipality
MK,MK-SS,Sopište,Municipality
MK,MK-ST,Štip,Municipality
MK,MK-SU,Studeni?ani,Municipality
MK,MK-TL,Bitola,Municipality
MK,MK-TR,Tearce,Municipality
MK,MK-UG,Struga,Municipality
MK,MK-UM,Kumanovo,Municipality
MK,MK-VA,Valandovo,Municipality
MK,MK-VC,Vraneštica,Municipality
MK,MK-VD,Kisela Voda,Municipality
MK,MK-VE,Veles,Municipality
MK,MK-VH,Vrapcište,Municipality
MK,MK-VJ,Bogovinje,Municipality
MK,MK-VL,Vasilevo,Municipality
MK,MK-VV,Vev?ani,Municipality
MK,MK-ZA,Zajas,Municipality
MK,MK-ZE,Želino,Municipality
MK,MK-ZK,Zelenikovo,Municipality
MK,MK-ZR,Zrnovci,Municipality
ML,ML-1,Kayes,Region
ML,ML-2,Koulikoro,Region
ML,ML-3,Sikasso,Region
ML,ML-4,Ségou,Region
ML,ML-5,Mopti,Region
ML,ML-6,Tombouctou,Region
ML,ML-7,Gao,Region
ML,ML-8,Kidal,Region
ML,ML-BKO,Bamako,District
MM,MM-01,Sagaing,Division
MM,MM-02,Bago,Division
MM,MM-03,Magwe,Division
MM,MM-04,Mandalay,Division
MM,MM-05,Tanintharyi,Division
MM,MM-06,Yangon,Division
MM,MM-07,Ayeyarwady,Division
MM,MM-11,Kachin,State
MM,MM-12,Kayah,State
MM,MM-13,Kayin,State
MM,MM-14,Chin,State
MM,MM-15,Mon,State
MM,MM-16,Rakhine,State
MM,MM-17,Shan,State
MN,MN-035,Orkhon,Municipality
MN,MN-037,Darkhan-Uul Province,Municipality
MN,MN-039,Khentii,Province
MN,MN-041,Khövsgöl,Province
MN,MN-043,Khovd,Province
MN,MN-046,Uvs Province,Province
MN,MN-047,Töv Province,Province
MN,MN-049,Selenge,Province
MN,MN-051,Sükhbaatar,Province
MN,MN-053,Ömnögovi,Province
MN,MN-055,Övörkhangai Province,Province
MN,MN-057,Zavkhan,Province
MN,MN-059,Dundgovi Province,Province
MN,MN-061,Dornod Province,Province
MN,MN-063,Dornogovi Province,Province
MN,MN-064,Govi-Sümber,Municipality
MN,MN-065,Govi-Altay,Province
MN,MN-067,Bulgan,Province
MN,MN-069,Bayankhongor,Province
MN,MN-071,Bayan-Ölgii Province,Province
MN,MN-073,Arkhangai Province,Province
MN,MN-1,Ulan Bator,Municipality
MO,MO-I,Tiswadi,
MO,MO-M,Macau,
MR,MR-01,Hodh Ech Chargui Region,Region
MR,MR-02,Hodh El Gharbi Region,Region
MR,MR-03,Assaba Region,Region
MR,MR-04,Gorgol,Region
MR,MR-05,Brakna Region,Region
MR,MR-06,Trarza Region,Region
MR,MR-07,Adrar,Region
MR,MR-08,Dakhlet Nouadhibou Region,Region
MR,MR-09,Tagant,Region
MR,MR-10,Guidimaka Region,Region
MR,MR-11,Tiris Zemmour Region,Region
MR,MR-12,Inchiri Region,Region
MR,MR-NKC,Nouakchott,District
MU,MU-AG,Agalega Islands,Dependency
MU,MU-BL,Black River,District
MU,MU-BR,Beau-Bassin Rose-Hill,City
MU,MU-CC,Cargados Carajos Shoals,Dependency
MU,MU-CU,Curepipe,City
MU,MU-FL,Flacq District,District
MU,MU-GP,Grand Port District,District
MU,MU-MO,Moka,District
MU,MU-PA,Pamplemousses District,District
MU,MU-PL,Port Louis City,District
MU,MU-PU,Port Louis District,City
MU,MU-PW,Plaines Wilhems District,District
MU,MU-QB,Quatre Bornes,City
MU,MU-RO,Rodrigues,Dependency
MU,MU-RR,Rivière du Rempart,District
MU,MU-SA,Savanne District,District
MU,MU-VP,Vacoas-Phoenix,City
MV,MV-00,Alif Dhaal Atoll,
MV,MV-01,Seenu,Administrative Atoll
MV,MV-02,Alif,Administrative Atoll
MV,MV-03,Lhaviyani,Administrative Atoll
MV,MV-04,Vaavu,Administrative Atoll
MV,MV-05,Laamu,Administrative Atoll
MV,MV-07,Northern Thiladhunmathi Atoll,Administrative Atoll
MV,MV-08,Thaa,Administrative Atoll
MV,MV-12,Meemu,Administrative Atoll
MV,MV-13,RAA,Administrative Atoll
MV,MV-14,Faafu,Administrative Atoll
MV,MV-17,Dhaalu,Administrative Atoll
MV,MV-20,BAA,Administrative Atoll
MV,MV-23,Haa Dhaalu Atoll,Administrative Atoll
MV,MV-24,Shaviyani,Administrative Atoll
MV,MV-25,Noonu,Administrative Atoll
MV,MV-26,Kaafu,Administrative Atoll
MV,MV-27,Gaafu Alif Atoll,Administrative Atoll
MV,MV-28,Gaafu Dhaalu Atoll,Administrative Atoll
MV,MV-29,Gnaviyani,Administrative Atoll
MV,MV-CE,Central,Province
MV,MV-MLE,Male,Capital
MV,MV-NC,North Central,Province
MV,MV-NO,North,Province
MV,MV-SC,South Central,Province
MV,MV-SU,South,Province
MV,MV-UN,Upper North,Province
MV,MV-US,Upland South,Province
MW,MW-BA,Balaka,District
MW,MW-BL,Blantyre,District
MW,MW-C,Central Region,Region
MW,MW-CK,Chikwawa,District
MW,MW-CR,Chiradzulu,District
MW,MW-CT,Chitipa,District
MW,MW-DE,Dedza,District
MW,MW-DO,Dowa,District
MW,MW-KR,Karonga,District
MW,MW-KS,Kasungu,District
MW,MW-LI,Lilongwe,District
MW,MW-LK,Likoma,District
MW,MW-MC,Mchinji,District
MW,MW-MG,Mangochi,District
MW,MW-MH,Machinga people,District
MW,MW-MU,Mulanje,District
MW,MW-MW,Mwanza,District
MW,MW-MZ,Mzimba,District
MW,MW-N,Northern Region,Region
MW,MW-NB,Nkhata Bay,District
MW,MW-NE,Neno,District
MW,MW-NI,Ntchisi,District
MW,MW-NK,Nkhotakota,District
MW,MW-NS,Nsanje,District
MW,MW-NU,Ntcheu,District
MW,MW-PH,Phalombe,District
MW,MW-RU,Rumphi,District
MW,MW-S,Southern Region,Region
MW,MW-SA,Salima,District
MW,MW-TH,Thyolo,District
MW,MW-ZO,Zomba,District
MX,MX-AGU,Aguascalientes,State
MX,MX-BCN,Baja California,State
MX,MX-BCS,Baja California Sur,State
MX,MX-CAM,Campeche,State
MX,MX-CHH,Chihuahua,State
MX,MX-CHP,Chiapas,State
MX,MX-COA,Coahuila,State
MX,MX-COL,Colima,State
MX,MX-DIF,Distrito Federal,Federal District
MX,MX-DUR,Durango,State
MX,MX-GRO,Guerrero,State
MX,MX-GUA,Guanajuato,State
MX,MX-HID,Hidalgo,State
MX,MX-JAL,Jalisco,State
MX,MX-MEX,Mexico,State
MX,MX-MIC,Michoacán,State
MX,MX-MOR,Morelos,State
MX,MX-NAY,Nayarit,State
MX,MX-NLE,Nuevo León,State
MX,MX-OAX,Oaxaca,State
MX,MX-PUE,Puebla,State
MX,MX-QUE,Querétaro,State
MX,MX-ROO,Quintana Roo,State
MX,MX-SIN,Sinaloa,State
MX,MX-SLP,San Luis Potosí,State
MX,MX-SON,Sonora,State
MX,MX-TAB,Tabasco,State
MX,MX-TAM,Tamaulipas,State
MX,MX-TLA,Tlaxcala,State
MX,MX-VER,Veracruz,State
MX,MX-YUC,Yucatán,State
MX,MX-ZAC,Zacatecas,State
MY,MY-01,Johor,State
MY,MY-02,Kedah,State
MY,MY-03,Kelantan,State
MY,MY-04,Malacca,State
MY,MY-05,Negeri Sembilan,State
MY,MY-06,Pahang,State
MY,MY-07,Penang Island,State
MY,MY-08,Perak,State
MY,MY-09,Perlis,State
MY,MY-10,Selangor,State
MY,MY-11,Terengganu,State
MY,MY-12,Sabah,State
MY,MY-13,Sarawak,State
MY,MY-14,Kuala Lumpur,Federal Territory
MY,MY-15,Labuan,Federal Territory
MY,MY-16,Putrajaya,Federal Territory
MZ,MZ-A,Niassa Province,Province
MZ,MZ-B,Manica,Province
MZ,MZ-G,Gaza,Province
MZ,MZ-I,Inhambane,Province
MZ,MZ-L,Maputo,Province
MZ,MZ-MPM,Maputo,City
MZ,MZ-N,Nampula,Province
MZ,MZ-P,Cabo Delgado,Province
MZ,MZ-Q,Zambezia Province,Province
MZ,MZ-S,Sofala,Province
MZ,MZ-T,Tete,Province
NA,NA-CA,Caprivi,Region
NA,NA-ER,Erongo Region,Region
NA,NA-HA,Hardap,Region
NA,NA-KA,Karas,Region
NA,NA-KH,Khomas Region,Region
NA,NA-KU,Kunene,Region
NA,NA-OD,Otjozondjupa Region,Region
NA,NA-OH,Omaheke Region,Region
NA,NA-OK,Okavango,Region
NA,NA-ON,Oshana Region,Region
NA,NA-OS,Omusati Region,Region
NA,NA-OT,Oshikoto,Region
NA,NA-OW,Ohangwena Region,Region
NE,NE-1,Agadez,Region
NE,NE-2,Diffa,Region
NE,NE-3,Dosso,Region
NE,NE-4,Maradi,Region
NE,NE-5,Tahoua,Region
NE,NE-6,Tillabéri,Region
NE,NE-7,Zinder,Region
NE,NE-8,Niamey,Capital District
NG,NG-AB,Abia,State
NG,NG-AD,Adamawa,State
NG,NG-AK,Akwa Ibom State,State
NG,NG-AN,Anambra State,State
NG,NG-BA,Bauchi,State
NG,NG-BE,Benue River,State
NG,NG-BO,Borno,State
NG,NG-BY,Bayelsa State,State
NG,NG-CR,Cross River,State
NG,NG-DE,Delta,State
NG,NG-EB,Ebonyi State,State
NG,NG-ED,Edo,State
NG,NG-EK,Ekiti State,State
NG,NG-EN,Enugu,State
NG,NG-FC,Federal Capital Territory,Capital Territory
NG,NG-GO,Gombe,State
NG,NG-IM,IMO,State
NG,NG-JI,Jigawa State,State
NG,NG-KD,Kaduna,State
NG,NG-KE,Kebbi State,State
NG,NG-KN,Kano,State
NG,NG-KO,Kogi State,State
NG,NG-KT,Katsina,State
NG,NG-KW,Kwara,State
NG,NG-LA,Lagos,State
NG,NG-NA,Nasarawa State,State
NG,NG-NI,Niger,State
NG,NG-OG,Ogun,State
NG,NG-ON,Ondo,State
NG,NG-OS,Oshun,State
NG,NG-OY,Oyo,State
NG,NG-PL,Plateau,State
NG,NG-RI,River,State
NG,NG-SO,Sokoto,State
NG,NG-TA,Taraba,State
NG,NG-YO,Yobe State,State
NG,NG-ZA,Zamfara State,State
NI,NI-AN,Atlántico Norte,Autonomous Region
NI,NI-AS,Atlántico Sur,Autonomous Region
NI,NI-BO,Boaco,Department
NI,NI-CA,Carazo,Department
NI,NI-CI,Chinandega,Department
NI,NI-CO,Chontales,Department
NI,NI-ES,Estelí,Department
NI,NI-GR,Granada,Department
NI,NI-JI,Jinotega,Department
NI,NI-LE,Leon,Department
NI,NI-MD,Madriz,Department
NI,NI-MN,Managua,Department
NI,NI-MS,Masaya,Department
NI,NI-MT,Matagalpa,Department
NI,NI-NS,Nueva Segovia,Department
NI,NI-RI,Rivas,Department
NI,NI-SJ,Río San Juan,Department
NL,NL-AW,Aruba,Country
NL,NL-BQ1,Bonaire,Special Municipality
NL,NL-BQ2,Saba,Special Municipality
NL,NL-BQ3,Sint Eustatius,Special Municipality
NL,NL-CW,Curaçao,Country
NL,NL-DR,Drenthe,Province
NL,NL-FL,Flevoland,Province
NL,NL-FR,Friesland,Province
NL,NL-GE,Gelderland,Province
NL,NL-GR,Groningen,Province
NL,NL-LI,Limburg,Province
NL,NL-NB,North Brabant,Province
NL,NL-NH,North Holland,Province
NL,NL-OV,Overijssel,Province
NL,NL-SX,Sint Maarten,Country
NL,NL-UT,Utrecht,Province
NL,NL-ZE,Zeeland,Province
NL,NL-ZH,South Holland,Province
NO,NO-01,Østfold,County
NO,NO-02,Akershus,County
NO,NO-03,Oslo,County
NO,NO-04,Hedmark,County
NO,NO-05,Oppland,County
NO,NO-06,Buskerud,County
NO,NO-07,Vestfold,County
NO,NO-08,Telemark,County
NO,NO-09,Aust-Agder,County
NO,NO-10,Vest-Agder,County
NO,NO-11,Rogaland,County
NO,NO-12,Hordaland,County
NO,NO-14,Sogn og Fjordane,County
NO,NO-15,Møre og Romsdal,County
NO,NO-16,Sør-Trøndelag,County
NO,NO-17,Nord-Trøndelag,County
NO,NO-18,Nordland,County
NO,NO-19,Troms,County
NO,NO-20,Finnmark,County
NO,NO-21,Svalbard,
NO,NO-22,Jan Mayen,
NP,NP-1,Central Region,Development Regions
NP,NP-2,Mid-Western Region,Development Regions
NP,NP-3,Western Region,Development Regions
NP,NP-4,Eastern Region,Development Regions
NP,NP-5,Far-Western Region,Development Regions
NP,NP-BA,Bagmati River,Zone
NP,NP-BH,Bheri,Zone
NP,NP-DH,Dhawalagiri,Zone
NP,NP-GA,Gandaki,Zone
NP,NP-JA,Janakpurdham,Zone
NP,NP-KA,Karnali,Zone
NP,NP-KO,Kosi,Zone
NP,NP-LU,Lumbini,Zone
NP,NP-MA,Mahakali,Zone
NP,NP-ME,Mechi Zone,Zone
NP,NP-NA,Narayani,Zone
NP,NP-RA,Rapti,Zone
NP,NP-SA,Sagarmatha,Zone
NP,NP-SE,Search for extraterrestrial intelligence,Zone
NR,NR-01,Aiwo,District
NR,NR-02,Anabar,District
NR,NR-03,Anetan,District
NR,NR-04,Anibare,District
NR,NR-05,Baiti District,District
NR,NR-06,Boe,District
NR,NR-07,Buada,District
NR,NR-08,Denigomodu District,District
NR,NR-09,Ewa,District
NR,NR-10,Ijuw,District
NR,NR-11,Meneng,District
NR,NR-12,Nibok District,District
NR,NR-13,Uaboe District,District
NR,NR-14,Yaren,District
NZ,NZ-AUK,Auckland,Regional Council
NZ,NZ-BOP,Bay of Plenty,Regional Council
NZ,NZ-CAN,Canterbury,Regional Council
NZ,NZ-CIT,Chatham Islands,Special Island Authority
NZ,NZ-GIS,Gisborne Region,Unitary Authority
NZ,NZ-MBH,Marlborough Region,Unitary Authority
NZ,NZ-MWT,Manawatu-Wanganui Region,Regional Council
NZ,NZ-N,North Island,Island
NZ,NZ-NSN,Nelson City,Unitary Authority
NZ,NZ-NTL,Northland,Regional Council
NZ,NZ-OTA,Otago Region,Regional Council
NZ,NZ-S,South Island,Island
NZ,NZ-STL,Southland,Regional Council
NZ,NZ-TAS,Tasman Region,Unitary Authority
NZ,NZ-TKI,Taranaki,Regional Council
NZ,NZ-WGN,Wellington,Regional Council
NZ,NZ-WKO,Waikato Region,Regional Council
NZ,NZ-WTC,West Coast,Regional Council
OM,OM-BA,Al B??inah,Region
OM,OM-BU,Al Buraimi Governorate,Governorate
OM,OM-DA,Ad Dakhiliyah,Region
OM,OM-JA,Dhofar Governorate,Governorate
OM,OM-MA,Muscat,Governorate
OM,OM-MU,Musandam Governorate,Governorate
OM,OM-SH,Ash Sharqiyah,Region
OM,OM-WU,Al Wusta,Region
OM,OM-ZA,Ad Dhahirah North Governorate,Region
OM,OM-ZU,Dhofar Governorate,Governorate
PA,PA-0,Guna Yala,Comarca
PA,PA-1,Bocas del Toro,Province
PA,PA-2,Coclé Province,Province
PA,PA-3,Colón,Province
PA,PA-4,Chiriquí,Province
PA,PA-5,Darien,Province
PA,PA-6,Herrera,Province
PA,PA-7,Los Santos,Province
PA,PA-8,Panama,Province
PA,PA-9,Veraguas Province,Province
PA,PA-EM,Emberá,Indigenous Region
PA,PA-KY,Guna Yala,Indigenous Region
PA,PA-NB,Ngöbe-Buglé Comarca,Indigenous Region
PE,PE-AMA,Amazonas,Department
PE,PE-ANC,Ancash Region,Department
PE,PE-APU,Apurímac,Department
PE,PE-ARE,Arequipa,Department
PE,PE-AYA,Ayacucho,Department
PE,PE-CAJ,Cajamarca,Department
PE,PE-CAL,Callao,Constitutional Province
PE,PE-CUS,Cusco,Department
PE,PE-HUC,Huánuco,Department
PE,PE-HUV,Huancavelica,Department
PE,PE-ICA,ICA,Department
PE,PE-JUN,Junín,Department
PE,PE-LAL,La Libertad,Department
PE,PE-LAM,Lambayeque,Department
PE,PE-LIM,Lima,Department
PE,PE-LMA,Lima Province,Municipality
PE,PE-LOR,Loreto,Department
PE,PE-MDD,Madre de Dios,Department
PE,PE-MOQ,Moquegua,Department
PE,PE-PAS,Pasco,Department
PE,PE-PIU,Piura,Department
PE,PE-PUN,Puno,Department
PE,PE-SAM,San Martín,Department
PE,PE-TAC,Tacna,Department
PE,PE-TUM,Tumbes,Department
PE,PE-UCA,Ucayali River,Department
PG,PG-CPK,Chimbu,Province
PG,PG-CPM,Central,Province
PG,PG-EBR,East New Britain Province,Province
PG,PG-EHG,Eastern Highlands,Province
PG,PG-EPW,Enga,Province
PG,PG-ESW,East Sepik Province,Province
PG,PG-GPK,Gulf,Province
PG,PG-MBA,Milne Bay,Province
PG,PG-MPL,Morobe,Province
PG,PG-MPM,Madang,Province
PG,PG-MRL,Manus,Province
PG,PG-NCD,National Capital District,District
PG,PG-NIK,New Ireland,Province
PG,PG-NPP,Northern,Province
PG,PG-NSA,North Solomons,Province
PG,PG-NSB,Bougainville,Autonomous Region
PG,PG-SAN,Sandaun,Province
PG,PG-SHM,Southern Highlands,Province
PG,PG-WBK,West New Britain Province,Province
PG,PG-WHM,Western Highlands,Province
PG,PG-WPD,Western,Province
PH,PH-00,Capital region,Region
PH,PH-01,Ilocos,Region
PH,PH-02,Cagayan Valley,Region
PH,PH-03,Central Luzon,Region
PH,PH-05,Bicol,Region
PH,PH-06,Western Visayas,Region
PH,PH-07,Central Visayas,Region
PH,PH-08,Eastern Visayas,Region
PH,PH-09,Zamboanga Peninsula,Region
PH,PH-10,Northern Mindanao,Region
PH,PH-11,Davao,Region
PH,PH-12,Soccsksargen,Region
PH,PH-13,Caraga,Region
PH,PH-14,Autonomous Region in Muslim Mindanao,Region
PH,PH-15,Cordillera Administrative Region,Region
PH,PH-40,CALABARZON,Region
PH,PH-41,MIMAROPA,Region
PH,PH-ABR,Abra,Province
PH,PH-AGN,Agusan del Norte,Province
PH,PH-AGS,Agusan del Sur,Province
PH,PH-AKL,Aklan,Province
PH,PH-ALB,Albay,Province
PH,PH-ANT,Antique,Province
PH,PH-APA,Apayao,Province
PH,PH-AUR,Aurora,Province
PH,PH-BAN,Bataan,Province
PH,PH-BAS,Basilan,Province
PH,PH-BEN,Benguet,Province
PH,PH-BIL,Biliran,Province
PH,PH-BOH,Bohol,Province
PH,PH-BTG,Batangas,Province
PH,PH-BTN,Batanes,Province
PH,PH-BUK,Bukidnon,Province
PH,PH-BUL,Bulacan,Province
PH,PH-CAG,Cagayan,Province
PH,PH-CAM,Camiguin,Province
PH,PH-CAN,Camarines Norte,Province
PH,PH-CAP,Capiz,Province
PH,PH-CAS,Camarines Sur,Province
PH,PH-CAT,Catanduanes,Province
PH,PH-CAV,Cavite,Province
PH,PH-CEB,Cebu,Province
PH,PH-COM,Compostela Valley,Province
PH,PH-DAO,Davao Oriental,Province
PH,PH-DAS,Davao del Sur,Province
PH,PH-DAV,Davao del Norte,Province
PH,PH-DIN,Dinagat Islands,Province
PH,PH-EAS,Eastern Samar,Province
PH,PH-GUI,Guimaras,Province
PH,PH-IFU,Ifugao,Province
PH,PH-ILI,Iloilo,Province
PH,PH-ILN,Ilocos Norte,Province
PH,PH-ILS,Ilocos Sur,Province
PH,PH-ISA,Isabela,Province
PH,PH-KAL,Kalinga,Province
PH,PH-LAG,Laguna,Province
PH,PH-LAN,Lanao del Norte,Province
PH,PH-LAS,Lanao del Sur,Province
PH,PH-LEY,Leyte,Province
PH,PH-LUN,La Union,Province
PH,PH-MAD,Marinduque,Province
PH,PH-MAG,Maguindanao,Province
PH,PH-MAS,Masbate,Province
PH,PH-MDC,Occidental Mindoro,Province
PH,PH-MDR,Oriental Mindoro,Province
PH,PH-MOU,Mountain Province,Province
PH,PH-MSC,Misamis Occidental,Province
PH,PH-MSR,Misamis Oriental,Province
PH,PH-NCO,Cotabato,Province
PH,PH-NEC,Negros Occidental,Province
PH,PH-NER,Negros Oriental,Province
PH,PH-NSA,Northern Samar,Province
PH,PH-NUE,Nueva Ecija,Province
PH,PH-NUV,Nueva Vizcaya,Province
PH,PH-PAM,Pampanga,Province
PH,PH-PAN,Pangasinan,Province
PH,PH-PLW,Palawan,Province
PH,PH-QUE,Quezon,Province
PH,PH-QUI,Quirino,Province
PH,PH-RIZ,Rizal,Province
PH,PH-ROM,Romblon,Province
PH,PH-SAR,Sarangani,Province
PH,PH-SCO,South Cotabato,Province
PH,PH-SIG,Siquijor,Province
PH,PH-SLE,Southern Leyte,Province
PH,PH-SLU,Sulu,Province
PH,PH-SOR,Sorsogon,Province
PH,PH-SUK,Sultan Kudarat,Province
PH,PH-SUN,Surigao del Norte,Province
PH,PH-SUR,Surigao del Sur,Province
PH,PH-TAR,Tarlac,Province
PH,PH-TAW,Tawi-Tawi,Province
PH,PH-WSA,Samar,Province
PH,PH-ZAN,Zamboanga del Norte,Province
PH,PH-ZAS,Zamboanga del Sur,Province
PH,PH-ZMB,Zambales,Province
PH,PH-ZSI,Zamboanga Sibuguey,Province
PK,PK-BA,Baluchistan,Province
PK,PK-GB,Gilgit–Baltistan,Administered Areas
PK,PK-IS,Islamabad,Federal Capital Territory
PK,PK-JK,Azad Kashmir,Pakistan Administered Area
PK,PK-KP,Khyber Pakhtunkhwa,Province
PK,PK-NA,Gilgit–Baltistan,Pakistan Administered Area
PK,PK-NW,North West Frontier,Province
PK,PK-PB,Punjab,Province
PK,PK-SD,Sindh,Province
PK,PK-TA,Federally Administered Tribal Areas,Territory
PL,PL-DS,Lower Silesian Voivodeship,Voivodship
PL,PL-KP,Kuyavian-Pomeranian Voivodeship,Voivodship
PL,PL-LB,Lubusz Voivodeship,Voivodship
PL,PL-LD,Lódzkie,Voivodship
PL,PL-LU,Lublin Voivodeship,Voivodship
PL,PL-MA,Lesser Poland Voivodeship,Voivodship
PL,PL-MZ,Masovian Voivodeship,Voivodship
PL,PL-OP,Opole Voivodeship,Voivodship
PL,PL-PD,Podlaskie Voivodeship,Voivodship
PL,PL-PK,Podkarpackie Voivodeship,Voivodship
PL,PL-PM,Pomeranian Voivodeship,Voivodship
PL,PL-SK,?wi?tokrzyskie Voivodeship,Voivodship
PL,PL-SL,Silesian Voivodeship,Voivodship
PL,PL-WN,Warmian-Masurian Voivodeship,Voivodship
PL,PL-WP,Greater Poland Voivodeship,Voivodship
PL,PL-ZP,West Pomeranian Voivodeship,Voivodship
PS,PS-BTH,Bethlehem Bayt La?m,Governorates
PS,PS-DEB,Deir El Balah Dayr al Bala?,Governorates
PS,PS-GZA,Gaza Ghazzah,Governorates
PS,PS-HBN,Hebron Al Khal?l,Governorates
PS,PS-JEM,Jerusalem Al Quds,Governorates
PS,PS-JEN,Jenin Jan?n,Governorates
PS,PS-JRH,Jericho – Al Aghwar Ar??? wa al Aghw?r,Governorates
PS,PS-KYS,Khan Yunis Kh?n Y?nis,Governorates
PS,PS-NBS,Nablus N?blus,Governorates
PS,PS-NGZ,North Gaza Sham?l Ghazzah,Governorates
PS,PS-QQA,Qalqilya Qalq?lyah,Governorates
PS,PS-RBH,Ramallah R?m All?h wa al B?rah,Governorates
PS,PS-RFH,Rafah Rafa?,Governorates
PS,PS-SLT,Salfit Salf?t,Governorates
PS,PS-TBS,Tubas ??b?s,Governorates
PS,PS-TKM,Tulkarm ??lkarm,Governorates
PT,PT-01,Aveiro,District
PT,PT-02,Beja,District
PT,PT-03,Braga,District
PT,PT-04,Bragança,District
PT,PT-05,Castelo Branco,District
PT,PT-06,Coimbra,District
PT,PT-07,Évora,District
PT,PT-08,Faro,District
PT,PT-09,Guarda,District
PT,PT-10,Leiria,District
PT,PT-11,Lisbon,District
PT,PT-12,Portalegre Municipality,District
PT,PT-13,Porto,District
PT,PT-14,Santarém,District
PT,PT-15,Setúbal,District
PT,PT-16,Viana do Castelo,District
PT,PT-17,Vila Real,District
PT,PT-18,Viseu,District
PT,PT-20,Azores,Autonomous Region
PT,PT-30,Madeira,Autonomous Region
PW,PW-002,Aimeliik,State
PW,PW-004,Airai,State
PW,PW-010,Angaur,State
PW,PW-050,Hatohobei,State
PW,PW-100,Kayangel,State
PW,PW-150,Koror,State
PW,PW-212,Melekeok,State
PW,PW-214,Ngaraard,State
PW,PW-218,Ngarchelong,State
PW,PW-222,Ngardmau,State
PW,PW-224,Ngatpang,State
PW,PW-226,Ngchesar,State
PW,PW-227,Ngeremlengui,State
PW,PW-228,Ngiwal,State
PW,PW-350,Peleliu,State
PW,PW-370,Sonsorol,State
PY,PY-1,Concepción,Department
PY,PY-10,Alto Paraná Department,Department
PY,PY-11,Central,Department
PY,PY-12,Ñeembucú Department,Department
PY,PY-13,Amambay Department,Department
PY,PY-14,Canindeyú Department,Department
PY,PY-15,Presidente Hayes Department,Department
PY,PY-16,Alto Paraguay Department,Department
PY,PY-19,Boquerón,Department
PY,PY-2,San Pedro,Department
PY,PY-3,Cordillera,Department
PY,PY-4,Guaira,Department
PY,PY-5,Caaguazú,Department
PY,PY-6,Caazapá,Department
PY,PY-7,Itapúa Department,Department
PY,PY-8,Misiones Province,Department
PY,PY-9,Paraguarí,Department
PY,PY-ASU,Asunción,Capital
QA,QA-DA,Doha,Municipality
QA,QA-GH,Al Ghuwayriyah,Municipality
QA,QA-JB,Jariyan al Batnah,Municipality
QA,QA-JU,Al Jumaliyah,Municipality
QA,QA-KH,Al Khawr wa adh Dhakh?rah,Municipality
QA,QA-MS,Madinat ash Shamal,Municipality
QA,QA-RA,Al Rayyan,Municipality
QA,QA-US,Umm Salal,Municipality
QA,QA-WA,Al Wakrah,Municipality
QA,QA-ZA,Az? Z?a‘?yin,Municipality
RO,RO-AB,Alba,County
RO,RO-AG,Arges,County
RO,RO-AR,Arad,County
RO,RO-B,Bucharest,City
RO,RO-BC,Bac?u,County
RO,RO-BH,Bihor,County
RO,RO-BN,Bistri?a-N?s?ud County,County
RO,RO-BR,Br?ila,County
RO,RO-BT,Boto?ani,County
RO,RO-BV,Bra?ov,County
RO,RO-BZ,Buz?u,County
RO,RO-CJ,Cluj-Napoca,County
RO,RO-CL,C?l?ra?i,County
RO,RO-CS,Cara?-Severin County,County
RO,RO-CT,Constan?a,County
RO,RO-CV,Covasna,County
RO,RO-DB,Dâmbovi?a,County
RO,RO-DJ,Dolj County,County
RO,RO-GJ,Gorj County,County
RO,RO-GL,Gala?i,County
RO,RO-GR,Giurgiu,County
RO,RO-HD,Hunedoara,County
RO,RO-HR,Harghita County,County
RO,RO-IF,Ilfov County,County
RO,RO-IL,Ialomi?a,County
RO,RO-IS,Ia?i,County
RO,RO-MH,Mehedin?i County,County
RO,RO-MM,Maramure?,County
RO,RO-MS,Mure? County,County
RO,RO-NT,Neam? County,County
RO,RO-OT,Olt,County
RO,RO-PH,Prahova,County
RO,RO-SB,Sibiu,County
RO,RO-SJ,S?laj,County
RO,RO-SM,Satu Mare,County
RO,RO-SV,Suceava,County
RO,RO-TL,Tulcea,County
RO,RO-TM,Timi?,County
RO,RO-TR,Teleorman County,County
RO,RO-VL,Vâlcea County,County
RO,RO-VN,Vrancea,County
RO,RO-VS,Vaslui,County
RS,RS-00,Belgrade,City
RS,RS-01,North Ba?ka District,District
RS,RS-02,Central Banat District,District
RS,RS-03,North Banat District,District
RS,RS-04,South Banat District,District
RS,RS-05,Zapadnobaèki okrug,District
RS,RS-06,South Banat District,District
RS,RS-07,Syrmia District,District
RS,RS-08,Ma?va District,District
RS,RS-09,Kolubara District,District
RS,RS-10,Podunavlje District,District
RS,RS-11,Brani?evo District,District
RS,RS-12,Šumadija District,District
RS,RS-13,Pomoravlje District,District
RS,RS-14,Bor District,District
RS,RS-15,Zajeèarski okrug,District
RS,RS-16,Zlatibor District,District
RS,RS-17,Moravica District,District
RS,RS-18,Raška okrug,District
RS,RS-19,Rasina District,District
RS,RS-20,Nišava District,District
RS,RS-21,Toplièki okrug,District
RS,RS-22,Pirot District,District
RS,RS-23,Jablanica District,District
RS,RS-24,P?inja District,District
RS,RS-25,Kosovo District,District
RS,RS-26,Pe? District,District
RS,RS-27,Prizren District,District
RS,RS-28,Kosovska Mitrovica District,District
RS,RS-29,Kosovo-Pomoravlje District,District
RU,RU-AD,Adygea,Republic
RU,RU-AGB,Agin-Buryat Okrug,Autonomous District
RU,RU-AL,Altai Republic,Republic
RU,RU-ALT,Altai Krai,Administrative Territory
RU,RU-AMU,Amur Oblast,Administrative Region
RU,RU-ARK,Arkhangelsk Oblast,Administrative Region
RU,RU-AST,Astrakhan Oblast,Administrative Region
RU,RU-BA,Bashkortostan,Republic
RU,RU-BEL,Belgorod Oblast,Administrative Region
RU,RU-BRY,Bryansk Oblast,Administrative Region
RU,RU-BU,Buryatia,Republic
RU,RU-CE,Chechnya,Republic
RU,RU-CHE,Chelyabinsk Oblast,Administrative Region
RU,RU-CHI,Chita Oblast,Administrative Region
RU,RU-CHU,Chukotka Autonomous Okrug,Autonomous District
RU,RU-CU,Chuvashia,Republic
RU,RU-DA,Dagestan,Republic
RU,RU-EVE,Evenk Autonomous Okrug,Autonomous District
RU,RU-IN,Ingushskaya Respublika,Republic
RU,RU-IRK,Irkutsk Oblast,Administrative Region
RU,RU-IVA,Ivanovo Oblast,Administrative Region
RU,RU-KAM,Kamchatka Oblast,Administrative Territory
RU,RU-KB,Kabardino-Balkaria,Republic
RU,RU-KC,Karachay-Cherkessia,Republic
RU,RU-KDA,Krasnodar Krai,Administrative Territory
RU,RU-KEM,Kemerovo Oblast,Administrative Region
RU,RU-KGD,Kaliningrad Oblast,Administrative Region
RU,RU-KGN,Kurgan Oblast,Administrative Region
RU,RU-KHA,Khabarovsk Krai,Administrative Territory
RU,RU-KHM,Khanty-Mansiyskiy avtonomnyy okrug,Autonomous District
RU,RU-KIR,Kirov Oblast,Administrative Region
RU,RU-KK,Khakassia,Republic
RU,RU-KL,Kalmykia,Republic
RU,RU-KLU,Kaluga Oblast,Administrative Region
RU,RU-KO,Komi Republic,Republic
RU,RU-KOR,Koryak Okrug,Autonomous District
RU,RU-KOS,Kostroma Oblast,Administrative Region
RU,RU-KR,Republic of Karelia,Republic
RU,RU-KRS,Kursk Oblast,Administrative Region
RU,RU-KYA,Krasnoyarsk Krai,Administrative Territory
RU,RU-LEN,Leningrad Oblast,Administrative Region
RU,RU-LIP,Lipetsk Oblast,Administrative Region
RU,RU-MAG,Magadan Oblast,Administrative Region
RU,RU-ME,Mari El,Republic
RU,RU-MO,Mordovia,Republic
RU,RU-MOS,Moscow Oblast,Administrative Region
RU,RU-MOW,Moskva,Autonomous City
RU,RU-MUR,Murmansk Oblast,Administrative Region
RU,RU-NEN,Nenets Autonomous Okrug,Autonomous District
RU,RU-NGR,Novgorod Oblast,Administrative Region
RU,RU-NIZ,Nizhny Novgorod Oblast,Administrative Region
RU,RU-NVS,Novosibirsk Oblast,Administrative Region
RU,RU-OMS,Omsk Oblast,Administrative Region
RU,RU-ORE,Orenburg Oblast,Administrative Region
RU,RU-ORL,Oryol Oblast,Administrative Region
RU,RU-PER,Perm,Administrative Territory
RU,RU-PNZ,Penza Oblast,Administrative Region
RU,RU-PRI,Primorsky Krai,Administrative Territory
RU,RU-PSK,Pskov Oblast,Administrative Region
RU,RU-ROS,Rostov Oblast,Administrative Region
RU,RU-RYA,Ryazan Oblast,Administrative Region
RU,RU-SA,Sakha,Republic
RU,RU-SAK,Sakhalin Oblast,Administrative Region
RU,RU-SAM,Samara Oblast,Administrative Region
RU,RU-SAR,Saratov Oblast,Administrative Region
RU,RU-SE,Severnaya Osetiya,Republic
RU,RU-SMO,Smolensk Oblast,Administrative Region
RU,RU-SPE,Saint Petersburg,Autonomous City
RU,RU-STA,Stavropol Krai,Administrative Territory
RU,RU-SVE,Sverdlovsk Oblast,Administrative Region
RU,RU-TA,Tatarstan,Republic
RU,RU-TAM,Tambov Oblast,Administrative Region
RU,RU-TAY,Taymyrskiy  avtonomnyy okrug,Autonomous District
RU,RU-TOM,Tomsk Oblast,Administrative Region
RU,RU-TUL,Tula Oblast,Administrative Region
RU,RU-TVE,Tver Oblast,Administrative Region
RU,RU-TY,Tyva,Republic
RU,RU-TYU,Tyumen Oblast,Administrative Region
RU,RU-UD,Udmurtia,Republic
RU,RU-ULY,Ulyanovsk Oblast,Administrative Region
RU,RU-UOB,Ust-Orda Buryat Okrug,Autonomous District
RU,RU-VGG,Volgograd Oblast,Administrative Region
RU,RU-VLA,Vladimir Oblast,Administrative Region
RU,RU-VLG,Vologda Oblast,Administrative Region
RU,RU-VOR,Voronezh Oblast,Administrative Region
RU,RU-YAN,Yamalo-Nenets Autonomous Okrug,Autonomous District
RU,RU-YAR,Yaroslavl Oblast,Administrative Region
RU,RU-YEV,Jewish Autonomous Oblast,Autonomous Region
RU,RU-ZAB,Zabaykalsky Krai,Administrative Territory
RW,RW-01,Kigali,Province
RW,RW-02,EST,Province
RW,RW-03,Nord,Province
RW,RW-04,Ouest,Province
RW,RW-05,Sud,Province
SA,SA-01,Riyadh,Region
SA,SA-02,Mecca,Region
SA,SA-03,Al Madinah Province,Region
SA,SA-04,Ash Sharqiyah,Region
SA,SA-05,Al-Qassim Province,Region
SA,SA-07,Tabuk,Region
SA,SA-08,Northern Borders Province,Region
SA,SA-09,Jizan,Region
SA,SA-10,Najran,Region
SA,SA-11,Al Bahah,Region
SA,SA-12,Al Jawf,Region
SA,SA-14,'As?r,Region
SB,SB-CE,Central,Province
SB,SB-CH,Choiseul,Province
SB,SB-CT,Capital Territory,Capital Territory
SB,SB-GU,Guadalcanal,Province
SB,SB-IS,Isabel,Province
SB,SB-MK,Makira,Province
SB,SB-ML,Malaita,Province
SB,SB-RB,Rennell and Bellona Province,Province
SB,SB-TE,Temotu,Province
SB,SB-WE,Western,Province
SC,SC-01,Anse-aux-Pins,District
SC,SC-02,Anse Boileau,District
SC,SC-03,Anse Etoile,District
SC,SC-04,Au Cap,District
SC,SC-05,Anse Royale,District
SC,SC-06,Baie Lazare,District
SC,SC-07,Baie Sainte Anne,District
SC,SC-08,Beau Vallon,District
SC,SC-09,Bel Air,District
SC,SC-10,Bel Ombre,District
SC,SC-11,Cascade,District
SC,SC-12,Glacis,District
SC,SC-15,La Digue,District
SC,SC-16,English River,District
SC,SC-17,Mont Buxton,District
SC,SC-18,Mont Fleuri,District
SC,SC-19,Plaisance,District
SC,SC-20,Pointe La Rue,District
SC,SC-21,Port Glaud,District
SC,SC-22,Saint Louis,District
SC,SC-23,Takamaka,District
SC,SC-24,Les Mamelles,District
SC,SC-25,Roche Caiman,District
SD,SD-01,Ash Shamaliyah,State
SD,SD-02,North Darfur,State
SD,SD-03,Khartoum,State
SD,SD-04,An Nil,State
SD,SD-05,Kassala,State
SD,SD-06,Al Qa??rif,State
SD,SD-07,Jazira,State
SD,SD-08,White Nile,State
SD,SD-09,North Kurdufan,State
SD,SD-10,West Kurdufan,
SD,SD-11,South Darfur,State
SD,SD-12,West Darfur,State
SD,SD-13,South Kordofan,State
SD,SD-14,Gharb Ba?r al Ghaz?l,State
SD,SD-15,Sham?l Ba?r al Ghaz?l,State
SD,SD-16,Western Equatoria,State
SD,SD-17,Bahr al Jabal,State
SD,SD-18,Al Bu?ayr?t,State
SD,SD-19,Eastern Equatoria,State
SD,SD-20,Jonglei,State
SD,SD-21,Warrap,State
SD,SD-22,Al Wa?dah,State
SD,SD-23,???l? an N?l,State
SD,SD-24,Blue Nile,State
SD,SD-25,Sinnar,State
SD,SD-26,Al Ba?r al A?mar,State
SD,SD-DC,Zalingei,
SD,SD-DE,East Darfur,
SD,SD-DN,North Darfur,State
SD,SD-DS,South Darfur,State
SD,SD-DW,West Darfur,State
SD,SD-GD,Al Qadarif,State
SD,SD-GZ,Jazira,State
SD,SD-KA,Kassala,State
SD,SD-KH,Khartoum,State
SD,SD-KN,North Kurdufan,State
SD,SD-KS,South Kordofan,State
SD,SD-NB,Blue Nile,State
SD,SD-NO,Ash Shamaliyah,State
SD,SD-NR,An Nil,State
SD,SD-NW,White Nile,State
SD,SD-RS,Al Bah¸r al Ah¸mar,State
SD,SD-SI,Sinnar,State
SE,SE-AB,Stockholms län,County
SE,SE-AC,Västerbottens län,County
SE,SE-BD,Norrbottens län,County
SE,SE-C,Uppsala län,County
SE,SE-D,Södermanlands län,County
SE,SE-E,Östergötlands län,County
SE,SE-F,Jönköpings län,County
SE,SE-G,Kronobergs län,County
SE,SE-H,Kalmar län,County
SE,SE-I,Gotlands län,County
SE,SE-K,Blekinge län,County
SE,SE-M,Skåne län,County
SE,SE-N,Hallands län,County
SE,SE-O,Västra Götalands län,County
SE,SE-S,Värmlands län,County
SE,SE-T,Örebro län,County
SE,SE-U,Västmanlands län,County
SE,SE-W,Dalarnas län,County
SE,SE-X,Gävleborgs län,County
SE,SE-Y,Västernorrlands län,County
SE,SE-Z,Jämtlands län,County
SG,SG-01,Central Singapore,District
SG,SG-02,Northeast,District
SG,SG-03,Northwest,District
SG,SG-04,Southeast,District
SG,SG-05,Southwest,District
SH,SH-AC,Ascension,Dependency
SH,SH-AC,Ascension,Geographical Entities
SH,SH-HL,Saint Helena,Geographical Entities
SH,SH-SH,Saint Helena,Administrative Area
SH,SH-TA,Tristan da Cunha,Geographical Entities
SH,SH-TA,Tristan da Cunha,Dependency
SI,SI-001,Ajdovšcina,
SI,SI-002,Beltinci,
SI,SI-003,Bled,
SI,SI-004,Bohinj,
SI,SI-005,Borovnica,
SI,SI-006,Bovec,
SI,SI-007,Brda,
SI,SI-008,Brezovica,
SI,SI-009,Brežice,
SI,SI-010,Tišina,
SI,SI-011,Celje,
SI,SI-012,Cerklje na Gorenjskem,
SI,SI-013,Cerknica,
SI,SI-014,Cerkno,
SI,SI-015,Crenšovci,
SI,SI-016,Crna na Koroškem,
SI,SI-017,?rnomelj,
SI,SI-018,Destrnik,
SI,SI-019,Diva?a,
SI,SI-020,Municipality of Dobrepolje,
SI,SI-021,Municipality of Dobrova–Polhov Gradec,
SI,SI-022,Dol pri Ljubljani,
SI,SI-023,Domžale,
SI,SI-024,Dornava,
SI,SI-025,Dravograd,
SI,SI-026,Duplek,
SI,SI-027,Municipality of Gorenja Vas–Poljane,
SI,SI-028,Gorišnica,
SI,SI-029,Gornja Radgona,
SI,SI-030,Gornji Grad,
SI,SI-031,Gornji Petrovci,
SI,SI-032,Grosuplje,
SI,SI-033,Šalovci,
SI,SI-034,Hrastnik,
SI,SI-035,Municipality of Hrpelje–Kozina,
SI,SI-036,Idrija,
SI,SI-037,IG,
SI,SI-038,Ilirska Bistrica,
SI,SI-039,Ivan?na Gorica,
SI,SI-040,Izola,
SI,SI-041,Jesenice,
SI,SI-042,Juršinci,
SI,SI-043,Kamnik,
SI,SI-044,Kanal,
SI,SI-045,Kidri?evo,
SI,SI-046,Kobarid,
SI,SI-047,Kobilje,
SI,SI-048,Ko?evje,
SI,SI-049,Komen,
SI,SI-050,Koper,
SI,SI-051,Kozje,
SI,SI-052,Kranj,
SI,SI-053,Kranjska Gora,
SI,SI-054,Krško,
SI,SI-055,Kungota,
SI,SI-056,Kuzma,
SI,SI-057,Laško,
SI,SI-058,Municipality of Lenart,
SI,SI-059,Lendava/Lendva,
SI,SI-060,Litija,
SI,SI-061,Ljubljana,
SI,SI-062,Ljubno ob Savinji,
SI,SI-063,Ljutomer,
SI,SI-064,Logatec,
SI,SI-065,Municipality of Loška Dolina,
SI,SI-066,Municipality of Loški Potok,
SI,SI-067,Luce,
SI,SI-068,Lukovica,
SI,SI-069,Majšperk,
SI,SI-070,Maribor,
SI,SI-071,Medvode,
SI,SI-072,Mengeš,
SI,SI-073,Metlika,
SI,SI-074,Mežica,
SI,SI-075,Municipality of Miren–Kostanjevica,
SI,SI-076,Mislinja,
SI,SI-077,Morav?e,
SI,SI-078,Moravske Toplice,
SI,SI-079,Mozirje,
SI,SI-080,Murska Sobota,
SI,SI-081,Muta,
SI,SI-082,Naklo,
SI,SI-083,Nazarje,
SI,SI-084,Nova Gorica,
SI,SI-085,Novo Mesto,
SI,SI-086,Odranci,
SI,SI-087,Ormož,
SI,SI-088,Osilnica,
SI,SI-089,Pesnica,
SI,SI-090,Piran,
SI,SI-091,Pivka,
SI,SI-092,Pod?etrtek,
SI,SI-093,Podvelka,
SI,SI-094,Postojna,
SI,SI-095,Preddvor,
SI,SI-096,Ptuj,
SI,SI-097,Puconci,
SI,SI-098,Municipality of Ra?e–Fram,
SI,SI-099,Rade?e,
SI,SI-100,Radenci,
SI,SI-101,Radlje ob Dravi,
SI,SI-102,Radovljica,
SI,SI-103,Ravne na Koroškem,
SI,SI-104,Ribnica,
SI,SI-105,Rogašovci,
SI,SI-106,Rogaška Slatina,
SI,SI-107,Rogatec,
SI,SI-108,Ruše,
SI,SI-109,Semic,
SI,SI-110,Sevnica,
SI,SI-111,Sežana,
SI,SI-112,Slovenj Gradec,
SI,SI-113,Slovenska Bistrica,
SI,SI-114,Slovenske Konjice,
SI,SI-115,Starše,
SI,SI-116,Sveti Jurij,
SI,SI-117,Šencur,
SI,SI-118,Šentilj,
SI,SI-119,Šentjernej,
SI,SI-120,Šentjur pri Celju,
SI,SI-121,Škocjan,
SI,SI-122,Škofja Loka,
SI,SI-123,Škofljica,
SI,SI-124,Šmarje pri Jelšah,
SI,SI-125,Šmartno ob Paki,
SI,SI-126,Šoštanj,
SI,SI-127,Štore,
SI,SI-128,Tolmin,
SI,SI-129,Trbovlje,
SI,SI-130,Trebnje,
SI,SI-131,Tržic,
SI,SI-132,Turnišce,
SI,SI-133,Velenje,
SI,SI-134,Velike Lašce,
SI,SI-135,Videm,
SI,SI-136,Vipava,
SI,SI-137,Vitanje,
SI,SI-138,Vodice,
SI,SI-139,Vojnik,
SI,SI-140,Vrhnika,
SI,SI-141,Vuzenica,
SI,SI-142,Zagorje ob Savi,
SI,SI-143,Zavr?,
SI,SI-144,Zre?e,
SI,SI-146,Železniki,
SI,SI-147,Žiri,
SI,SI-148,Benedikt,
SI,SI-149,Bistrica ob Sotli,
SI,SI-150,Bloke,
SI,SI-151,Braslov?e,
SI,SI-152,Cankova,
SI,SI-153,Cerkvenjak,
SI,SI-154,Dobje,
SI,SI-155,Dobrna,
SI,SI-156,Dobrovnik/Dobronak,
SI,SI-157,Dolenjske Toplice,
SI,SI-158,Grad,
SI,SI-159,Hajdina,
SI,SI-160,Municipality of Ho?e–Slivnica,
SI,SI-161,Hodoš/Hodos,
SI,SI-162,Municipality of Horjul,
SI,SI-163,Jezersko,
SI,SI-164,Komenda,
SI,SI-165,Kostel,
SI,SI-166,Križevci,
SI,SI-167,Lovrenc na Pohorju,
SI,SI-168,Markovci,
SI,SI-169,Miklavž na Dravskem Polju,
SI,SI-170,Mirna Pe?,
SI,SI-171,Oplotnica,
SI,SI-172,Podlehnik,
SI,SI-173,Polzela,
SI,SI-174,Prebold,
SI,SI-175,Prevalje,
SI,SI-176,Razkrižje,
SI,SI-177,Ribnica na Pohorju,
SI,SI-178,Selnica ob Dravi,
SI,SI-179,Sodražica,
SI,SI-180,Sol?ava,
SI,SI-181,Sveta Ana,
SI,SI-182,Sveti Andraž v Slovenskih goricah,
SI,SI-183,Municipality of Šempeter–Vrtojba,
SI,SI-184,Tabor,
SI,SI-185,Trnovska Vas,
SI,SI-186,Trzin,
SI,SI-187,Velika Polana,
SI,SI-188,Veržej,
SI,SI-189,Vransko,
SI,SI-190,Žalec,
SI,SI-191,Žetale,
SI,SI-192,Municipality of Žirovnica,
SI,SI-193,Žužemberk,
SI,SI-194,Šmartno pri Litiji,
SI,SI-194,Šmartno pri Litiji,Commune
SI,SI-195,Apa?e,Commune
SI,SI-196,Kosanjevica na Krki,Commune
SI,SI-197,Cirkulane,Commune
SI,SI-198,Makole,Commune
SI,SI-199,Municipality of Mokronog–Trebelno,Commune
SI,SI-200,Polj?ane,Commune
SI,SI-201,Municipality of Ren?e–Vogrsko,Commune
SI,SI-202,Središ?e ob Dravi,Commune
SI,SI-203,Straža,Commune
SI,SI-204,Sveta Trojica v Slovenskih Goricah,Commune
SI,SI-205,Sveti Tomaž,Commune
SI,SI-206,Šmarješke Toplice,Commune
SI,SI-207,Gorje,Commune
SI,SI-208,Municipality of Log–Dragomer,Commune
SI,SI-209,Re?ica ob Savinji,Commune
SI,SI-210,Sveti Jurij v Slovenskih Goricah,Commune
SI,SI-211,Šentrupert,Commune
SK,SK-BC,Banská Bystrica Region,Region
SK,SK-BL,Bratislava Region,Region
SK,SK-KI,Košice Region,Region
SK,SK-NI,Nitra Region,Region
SK,SK-PV,Prešov Region,Region
SK,SK-TA,Trnava Region,Region
SK,SK-TC,Trenciansky kraj,Region
SK,SK-ZI,Žilina Region,Region
SL,SL-E,Eastern,Province
SL,SL-N,Northern,Province
SL,SL-S,Southern,Province
SL,SL-W,Western Area,Area
SM,SM-01,Acquaviva,Municipality
SM,SM-02,Chiesanuova,Municipality
SM,SM-03,Domagnano,Municipality
SM,SM-04,Faetano,Municipality
SM,SM-05,Fiorentino,Municipality
SM,SM-06,Borgo Maggiore,Municipality
SM,SM-07,San Marino,Municipality
SM,SM-08,Montegiardino,Municipality
SM,SM-09,Serravalle,Municipality
SN,SN-DB,Diourbel,Region
SN,SN-DK,Dakar,Region
SN,SN-FK,Fatick,Region
SN,SN-KA,Kaffrine,Region
SN,SN-KD,Kolda,Region
SN,SN-KE,Kédougou,Region
SN,SN-KL,Kaolack,Region
SN,SN-LG,Louga,Region
SN,SN-MT,Matam,Region
SN,SN-SE,Sédhiou,Region
SN,SN-SL,Saint Louis,Region
SN,SN-TC,Tambacounda,Region
SN,SN-TH,Thiès,Region
SN,SN-ZG,Ziguinchor,Region
SO,SO-AW,Awdal,Region
SO,SO-BK,Bakool,Region
SO,SO-BN,Banaadir,Region
SO,SO-BR,Bari,Region
SO,SO-BY,Bay,Region
SO,SO-GA,Galguduud,Region
SO,SO-GE,Gedo,Region
SO,SO-HI,Hiran,Region
SO,SO-JD,Middle Juba,Region
SO,SO-JH,Lower Juba,Region
SO,SO-MU,Mudug,Region
SO,SO-NU,Nugal,Region
SO,SO-SA,Sanaag,Region
SO,SO-SD,Middle Shebelle,Region
SO,SO-SH,Lower Shebelle,Region
SO,SO-SO,Sool,Region
SO,SO-TO,Togdheer,Region
SO,SO-WO,Woqooyi Galbeed,Region
SR,SR-BR,Brokopondo,District
SR,SR-CM,Commewijne,District
SR,SR-CR,Coronie District,District
SR,SR-MA,Marowijne,District
SR,SR-NI,Nickerie,District
SR,SR-PM,Paramaribo,District
SR,SR-PR,Para,District
SR,SR-SA,Saramacca,District
SR,SR-SI,Sipaliwini District,District
SR,SR-WA,Wanica District,District
SS,SS-BN,Northern Bahr el Ghazal,States
SS,SS-BW,Western Bahr el Ghazal,States
SS,SS-EC,Central Equatoria,States
SS,SS-EE,Eastern Equatoria,States
SS,SS-EW,Western Equatoria,States
SS,SS-JG,Jonglei,States
SS,SS-LK,Lake,States
SS,SS-NU,Upper Nile,States
SS,SS-UY,Unity,States
SS,SS-WR,Warrap,States
ST,ST-P,Príncipe,Municipality
ST,ST-S,São Tomé,Municipality
SV,SV-AH,Ahuachapán,Department
SV,SV-CA,Cabana,Department
SV,SV-CH,Chalatenango,Department
SV,SV-CU,Cuscatlán Department,Department
SV,SV-LI,La Libertad,Department
SV,SV-MO,Morazán,Department
SV,SV-PA,La Paz,Department
SV,SV-SA,Santa Ana,Department
SV,SV-SM,San Miguel,Department
SV,SV-SO,Sonsonate,Department
SV,SV-SS,San Salvador,Department
SV,SV-SV,San Vicente,Department
SV,SV-UN,La Unión,Department
SV,SV-US,Usulután,Department
SY,SY-DI,Damascus,Province
SY,SY-DR,Dar'?,Province
SY,SY-DY,Deir ez-Zor,Province
SY,SY-HA,Al ?asakah,Province
SY,SY-HI,?im?,Province
SY,SY-HL,?alab,Province
SY,SY-HM,?am?h,Province
SY,SY-ID,Idlib,Province
SY,SY-LA,Latakia,Province
SY,SY-QU,Al Qunaytirah,Province
SY,SY-RA,Ar-Raqqah,Province
SY,SY-RD,Rif Dimashq Governorate,Province
SY,SY-SU,As-Suwayda,Province
SY,SY-TA,Tartus,Province
SZ,SZ-HH,Hhohho District,District
SZ,SZ-LU,Lubombo,District
SZ,SZ-MA,Manzini,District
SZ,SZ-SH,Shiselweni District,District
TD,TD-BA,Batha,Region
TD,TD-BET,Borkou-Ennedi-Tibesti,Region
TD,TD-BG,Bahr el Ghazal,Region
TD,TD-BO,Borkou,Region
TD,TD-CB,Chari-Baguirmi,Region
TD,TD-EN,Ennedi Plateau,Region
TD,TD-GR,Guéra,Region
TD,TD-HL,Hadjer-Lamis Region,Region
TD,TD-KA,Kanem,Region
TD,TD-LC,Al Buhayrah,Region
TD,TD-LO,Logone Occidental,Region
TD,TD-LR,Logone Oriental,Region
TD,TD-MA,Mandoul Region,Region
TD,TD-MC,Moyen-Chari,Region
TD,TD-ME,Mayo-Kebbi Est Region,Region
TD,TD-MO,Mayo-Kebbi Ouest Region,Region
TD,TD-OD,Ouaddaï,Region
TD,TD-SA,Salamat,Region
TD,TD-SI,??la,Region
TD,TD-TA,Tandjilé,Region
TD,TD-TI,Tibesti Mountains,Region
TD,TD-WF,Wadi Fira Region,Region
TG,TG-C,Center,Region
TG,TG-K,Kara,Region
TG,TG-M,Maritime Region,Region
TG,TG-P,Plateaux,Region
TG,TG-S,Savanes Region,Region
TH,TH-10,Krung Thep Maha Nakhon,Metropolitan Administration
TH,TH-11,Samut Prakan Province,Province
TH,TH-12,Nonthaburi,Province
TH,TH-13,Pathum Thani,Province
TH,TH-14,Ayutthaya,Province
TH,TH-15,Ang Thong,Province
TH,TH-16,Lopburi,Province
TH,TH-17,Sing Buri,Province
TH,TH-18,Chai Nat,Province
TH,TH-19,Saraburi,Province
TH,TH-20,Chonburi,Province
TH,TH-21,Rayong,Province
TH,TH-22,Chanthaburi,Province
TH,TH-23,Trat,Province
TH,TH-24,Chachoengsao,Province
TH,TH-25,Prachinburi,Province
TH,TH-26,Nakhon Nayok Province,Province
TH,TH-27,Sa Kaeo,Province
TH,TH-30,Nakhon Ratchasima,Province
TH,TH-31,Buriram,Province
TH,TH-32,Surin,Province
TH,TH-33,Sisaket,Province
TH,TH-34,Ubon Ratchathani,Province
TH,TH-35,Yasothon,Province
TH,TH-36,Chaiyaphum,Province
TH,TH-37,Amnat Charoen,Province
TH,TH-39,Nong Bua Lamphu,Province
TH,TH-40,Khon Kaen,Province
TH,TH-41,Udon Thani,Province
TH,TH-42,Loei,Province
TH,TH-43,Nong Khai,Province
TH,TH-44,Maha Sarakham,Province
TH,TH-45,Roi Et,Province
TH,TH-46,Kalasin,Province
TH,TH-47,Sakon Nakhon,Province
TH,TH-48,Nakhon Phanom,Province
TH,TH-49,Mukdahan,Province
TH,TH-50,Chiang Mai,Province
TH,TH-51,Lamphun,Province
TH,TH-52,Lampang,Province
TH,TH-53,Uttaradit,Province
TH,TH-54,Phrae,Province
TH,TH-55,Nan,Province
TH,TH-56,Phayao,Province
TH,TH-57,Chiang Rai city,Province
TH,TH-58,Mae Hong Son,Province
TH,TH-60,Nakhon Sawan,Province
TH,TH-61,Uthai Thani,Province
TH,TH-62,Kamphaeng Phet,Province
TH,TH-63,Tak,Province
TH,TH-64,Sukhothai,Province
TH,TH-65,Phitsanulok,Province
TH,TH-66,Phichit,Province
TH,TH-67,Phetchabun,Province
TH,TH-70,Ratchaburi,Province
TH,TH-71,Kanchanaburi,Province
TH,TH-72,Suphanburi,Province
TH,TH-73,Nakhon Pathom,Province
TH,TH-74,Samut Sakhon,Province
TH,TH-75,Samut Songkhram,Province
TH,TH-76,Phetchaburi,Province
TH,TH-77,Prachuap Khiri Khan,Province
TH,TH-80,Nakhon Si Thammarat,Province
TH,TH-81,Krabi,Province
TH,TH-82,Phang Nga,Province
TH,TH-83,Phuket,Province
TH,TH-84,Surat Thani,Province
TH,TH-85,Ranong,Province
TH,TH-86,Chumphon,Province
TH,TH-90,Songkhla,Province
TH,TH-91,Satun,Province
TH,TH-92,Trang,Province
TH,TH-93,Phatthalung,Province
TH,TH-94,Pattani Province,Province
TH,TH-95,Yala,Province
TH,TH-96,Narathiwat,Province
TH,TH-S,Pattaya,Special Administrative City
TJ,TJ-GB,Gorno-Badakhshan Autonomous Province,Autonomous Region
TJ,TJ-KT,Khatlon Province,Region
TJ,TJ-SU,Sughd Province,Region
TL,TL-AL,Aileu,District
TL,TL-AN,Ainaro,District
TL,TL-BA,Baucau,District
TL,TL-BO,Bobonaro,District
TL,TL-CO,Cova Lima District,District
TL,TL-DI,Dili,District
TL,TL-ER,Ermera,District
TL,TL-LA,Lautém District,District
TL,TL-LI,Liquiçá,District
TL,TL-MF,Manufahi District,District
TL,TL-MT,Manatuto,District
TL,TL-OE,Oecusse District,District
TL,TL-VI,Viqueque,District
TM,TM-A,Ahal,Region
TM,TM-B,Balkans,Region
TM,TM-D,Da?oguz,Region
TM,TM-L,Lebap Province,Region
TM,TM-M,Mary,Region
TN,TN-11,Tunis,Governorate
TN,TN-12,Ariana,Governorate
TN,TN-13,Ben Arous,Governorate
TN,TN-14,Manouba,Governorate
TN,TN-21,Nabeul,Governorate
TN,TN-22,Zaghouan,Governorate
TN,TN-23,Bizerte,Governorate
TN,TN-31,Béja,Governorate
TN,TN-32,Jendouba,Governorate
TN,TN-33,El Kef,Governorate
TN,TN-34,Siliana,Governorate
TN,TN-41,Kairouan,Governorate
TN,TN-42,Kasserine,Governorate
TN,TN-43,Sidi Bouzid,Governorate
TN,TN-51,Sousse,Governorate
TN,TN-52,Monastir,Governorate
TN,TN-53,Mahdia,Governorate
TN,TN-61,Sfax,Governorate
TN,TN-71,Gafsa,Governorate
TN,TN-72,Tozeur,Governorate
TN,TN-73,Kebili,Governorate
TN,TN-81,Gabès,Governorate
TN,TN-82,Medenine,Governorate
TN,TN-83,Tataouine,Governorate
TO,TO-01,?Eua,Island Group
TO,TO-02,Ha?apai,Island Group
TO,TO-03,Niuas,Island Group
TO,TO-04,Tongatapu,Island Group
TO,TO-05,Vava?u,Island Group
TR,TR-01,Adana,Province
TR,TR-02,Ad?yaman,Province
TR,TR-03,Afyonkarahisar,Province
TR,TR-04,Agri,Province
TR,TR-05,Amasya,Province
TR,TR-06,Ankara,Province
TR,TR-07,Antalya,Province
TR,TR-08,Artvin,Province
TR,TR-09,Ayd?n,Province
TR,TR-10,Bal?kesir,Province
TR,TR-11,Bilecik,Province
TR,TR-12,Bingöl,Province
TR,TR-13,Bitlis,Province
TR,TR-14,Bolu,Province
TR,TR-15,Burdur,Province
TR,TR-16,Bursa,Province
TR,TR-17,Çanakkale,Province
TR,TR-18,Çank?r?,Province
TR,TR-19,Çorum,Province
TR,TR-20,Denizli,Province
TR,TR-21,Diyarbak?r,Province
TR,TR-22,Edirne,Province
TR,TR-23,Elâz??,Province
TR,TR-24,Erzincan,Province
TR,TR-25,Erzurum,Province
TR,TR-26,Eski?ehir,Province
TR,TR-27,Gaziantep,Province
TR,TR-28,Giresun,Province
TR,TR-29,Gümü?hane,Province
TR,TR-30,Hakkâri,Province
TR,TR-31,Hatay,Province
TR,TR-32,Isparta,Province
TR,TR-33,Mersin,Province
TR,TR-34,Istanbul,Province
TR,TR-35,Izmir,Province
TR,TR-36,Kars,Province
TR,TR-37,Kastamonu,Province
TR,TR-38,Kayseri,Province
TR,TR-39,K?rklareli,Province
TR,TR-40,K?r?ehir,Province
TR,TR-41,Kocaeli,Province
TR,TR-42,Konya,Province
TR,TR-43,Kütahya,Province
TR,TR-44,Malatya,Province
TR,TR-45,Manisa,Province
TR,TR-46,Kahramanmara?,Province
TR,TR-47,Mardin,Province
TR,TR-48,Mu?la,Province
TR,TR-49,Mus,Province
TR,TR-50,Nev?ehir,Province
TR,TR-51,Ni?de,Province
TR,TR-52,Ordu,Province
TR,TR-53,Rize,Province
TR,TR-54,Sakarya,Province
TR,TR-55,Samsun,Province
TR,TR-56,Siirt,Province
TR,TR-57,Sinop,Province
TR,TR-58,Sivas,Province
TR,TR-59,Tekirda?,Province
TR,TR-60,Tokat,Province
TR,TR-61,Trabzon,Province
TR,TR-62,Tunceli,Province
TR,TR-63,?anl?urfa,Province
TR,TR-64,Usak,Province
TR,TR-65,Van,Province
TR,TR-66,Yozgat,Province
TR,TR-67,Zonguldak,Province
TR,TR-68,Aksaray,Province
TR,TR-69,Bayburt,Province
TR,TR-70,Karaman,Province
TR,TR-71,K?r?kkale,Province
TR,TR-72,Batman,Province
TR,TR-73,??rnak,Province
TR,TR-74,Bart?n,Province
TR,TR-75,Ardahan,Province
TR,TR-76,I?d?r,Province
TR,TR-77,Yalova,Province
TR,TR-78,Karabük,Province
TR,TR-79,Kilis,Province
TR,TR-80,Osmaniye,Province
TR,TR-81,Düzce,Province
TT,TT-ARI,Arima,Municipality
TT,TT-CHA,Chaguanas,Municipality
TT,TT-CTT,Couva-Tabaquite-Talparo Regional Corporation,Region
TT,TT-DMN,Diego Martin,Region
TT,TT-ETO,Tobago,Region
TT,TT-PED,Penal-Debe Regional Corporation,Region
TT,TT-POS,Port of Spain,Municipality
TT,TT-PRT,Princes Town,Region
TT,TT-PTF,Point Fortin,Municipality
TT,TT-RCM,Rio Claro-Mayaro Regional Corporation,Region
TT,TT-SFO,San Fernando,Municipality
TT,TT-SGE,Sangre Grande,Region
TT,TT-SIP,Siparia,Region
TT,TT-SJL,San Juan-Laventille Regional Corporation,Region
TT,TT-TUP,Tunapuna-Piarco Regional Corporation,Region
TT,TT-WTO,Tobago,Region
TV,TV-FUN,Funafuti,Island Council
TV,TV-NIT,Niutao,Island Council
TV,TV-NIU,NUI,Island Council
TV,TV-NKF,Nukufetau,Island Council
TV,TV-NKL,Nukulaelae,Island Council
TV,TV-NMA,Nanumea,Island Council
TV,TV-NMG,Nanumanga,Island Council
TV,TV-VAI,Vaitupu,Island Council
TW,TW-CHA,Changhua City,District
TW,TW-CYI,Chiayi Municipality,Municipality
TW,TW-CYQ,Chiayi,District
TW,TW-HSQ,Hsinchu,District
TW,TW-HSZ,Hsinchu Municipality,Municipality
TW,TW-HUA,Hualien,District
TW,TW-ILA,Ilan,District
TW,TW-KEE,Keelung Municipality,Municipality
TW,TW-KHH,Kaohsiung Special Municipality,Special Municipality
TW,TW-KHQ,Kaohsiung,District
TW,TW-MIA,Miaoli,District
TW,TW-NAN,Nantou,District
TW,TW-PEN,Penghu,District
TW,TW-PIF,Pingtung City,District
TW,TW-TAO,Taoyuan,District
TW,TW-TNN,Tainan Municipality,Municipality
TW,TW-TNQ,Tainan,District
TW,TW-TPE,Taipei Special Municipality,Special Municipality
TW,TW-TPQ,Taipei,District
TW,TW-TTT,Taitung,District
TW,TW-TXG,Taichung Municipality,Municipality
TW,TW-TXQ,Taichung,District
TW,TW-YUN,Yunlin County,District
TZ,TZ-01,Arusha,Region
TZ,TZ-02,Dar es Salaam,Region
TZ,TZ-03,Dodoma,Region
TZ,TZ-04,Iringa,Region
TZ,TZ-05,Kagera,Region
TZ,TZ-06,North Pemba Region,Region
TZ,TZ-07,Zanzibar North Region,Region
TZ,TZ-08,Kigoma,Region
TZ,TZ-09,Mount Kilimanjaro,Region
TZ,TZ-10,South Pemba Region,Region
TZ,TZ-11,Zanzibar Central/South Region,Region
TZ,TZ-12,Lindi,Region
TZ,TZ-13,Mara,Region
TZ,TZ-14,Mbeya,Region
TZ,TZ-15,Zanzibar Urban/West Region,Region
TZ,TZ-16,Morogoro,Region
TZ,TZ-17,Mtwara,Region
TZ,TZ-18,Mwanza,Region
TZ,TZ-19,Pwani,Region
TZ,TZ-20,Rukwa Region,Region
TZ,TZ-21,Ruvuma Region,Region
TZ,TZ-22,Shinyanga,Region
TZ,TZ-23,Singida,Region
TZ,TZ-24,Tabora,Region
TZ,TZ-25,Tanga,Region
TZ,TZ-26,Manyara Region,Region
UA,UA-05,Vinnytsia Oblast,Region
UA,UA-07,Volyn Oblast,Region
UA,UA-09,Luhansk Oblast,Region
UA,UA-12,Dnipropetrovsk Oblast,Region
UA,UA-14,Donetsk Oblast,Region
UA,UA-18,Zhytomyr Oblast,Region
UA,UA-21,Zakarpattia Oblast,Region
UA,UA-23,Zaporizhia Oblast,Region
UA,UA-26,Ivano-Frankivsk Oblast,Region
UA,UA-30,Kiev,Region
UA,UA-32,Kiev Oblast,Region
UA,UA-35,Kirovohrad Oblast,Region
UA,UA-40,Sevastopol,Region
UA,UA-43,Crimea,Autonomous Republic
UA,UA-46,Lviv Oblast,Region
UA,UA-48,Mykolaiv Oblast,Region
UA,UA-51,Odessa Oblast,Region
UA,UA-53,Poltava Oblast,Region
UA,UA-56,Rivne Oblast,Region
UA,UA-59,Sumy Oblast,Region
UA,UA-61,Ternopil Oblast,Region
UA,UA-63,Kharkiv Oblast,Region
UA,UA-65,Kherson Oblast,Region
UA,UA-68,Khmelnytskyi Oblast,Region
UA,UA-71,Cherkasy Oblast,Region
UA,UA-74,Chernihiv Oblast,Region
UA,UA-77,Chernivtsi Oblast,Region
UG,UG-101,Kalangala,District
UG,UG-102,Kampala,District
UG,UG-103,Kiboga,District
UG,UG-104,Luweero,District
UG,UG-105,Masaka,District
UG,UG-106,Mpigi,District
UG,UG-107,Mubende,District
UG,UG-108,Mukono Town,District
UG,UG-109,Nakasongola,District
UG,UG-110,Rakai,District
UG,UG-111,Sembabule,District
UG,UG-112,Kayunga,District
UG,UG-113,Wakiso Town,District
UG,UG-114,Mityana,District
UG,UG-115,Nakaseke,District
UG,UG-116,Lyantonde,District
UG,UG-201,Bugiri,District
UG,UG-202,Busia,District
UG,UG-203,Iganga,District
UG,UG-204,Jinja,District
UG,UG-205,Kamuli,District
UG,UG-206,Kapchorwa,District
UG,UG-207,Katakwi,District
UG,UG-208,Kumi,District
UG,UG-209,Mbale,District
UG,UG-210,Pallisa,District
UG,UG-211,Soroti,District
UG,UG-212,Tororo,District
UG,UG-213,Kaberamaido,District
UG,UG-214,Mayuge,District
UG,UG-215,Sironko,District
UG,UG-216,Amuria,District
UG,UG-217,Budaka,District
UG,UG-218,Bukwa,District
UG,UG-219,Butaleja,District
UG,UG-220,Kaliro,District
UG,UG-221,Manafwa,District
UG,UG-222,Namutumba,District
UG,UG-223,Bududa,District
UG,UG-224,Bukedea,District
UG,UG-301,Adjumani,District
UG,UG-302,Apac,District
UG,UG-303,Arua,District
UG,UG-304,Gulu,District
UG,UG-305,Kitgum,District
UG,UG-306,Kotido,District
UG,UG-307,Lira,District
UG,UG-308,Moroto,District
UG,UG-309,Moyo,District
UG,UG-310,Nebbi,District
UG,UG-311,Nakapiripirit,District
UG,UG-312,Pader,District
UG,UG-313,Yumbe,District
UG,UG-314,Amolatar,District
UG,UG-315,Kaabong,District
UG,UG-316,Koboko,District
UG,UG-317,ABIM,District
UG,UG-318,Dokolo,District
UG,UG-319,Amuru,District
UG,UG-320,Lugbara people,District
UG,UG-321,Oyam,District
UG,UG-401,Bundibugyo,District
UG,UG-402,Bushenyi,District
UG,UG-403,Hoima,District
UG,UG-404,Kabale,District
UG,UG-405,Kabarole District,District
UG,UG-406,Kasese,District
UG,UG-407,Kibaale,District
UG,UG-408,Kisoro,District
UG,UG-409,Masindi,District
UG,UG-410,Mbarara,District
UG,UG-411,Ntungamo,District
UG,UG-412,Rukungiri,District
UG,UG-413,Kamwenge,District
UG,UG-414,Kanungu,District
UG,UG-415,Kyenjojo,District
UG,UG-416,Ibanda,District
UG,UG-417,Isingiro,District
UG,UG-418,Kiruhura,District
UG,UG-419,Buliisa,District
UG,UG-C,Central,Geographic Regions
UG,UG-E,Eastern,Geographic Regions
UG,UG-N,Northern,Geographic Regions
UG,UG-W,Western,Geographic Regions
UM,UM-67,Johnston Atoll,Territory
UM,UM-71,Midway Atoll,Territory
UM,UM-76,Navassa Island,Territory
UM,UM-79,Wake Island,Territory
UM,UM-81,Baker Island,Territory
UM,UM-84,Howland Island,Territory
UM,UM-86,Jarvis Island,Territory
UM,UM-89,Kingman Reef,Territory
UM,UM-95,Palmyra Atoll,Territory
US,US-AK,Alaska,State
US,US-AL,Alabama,State
US,US-AR,Arkansas,State
US,US-AS,American Samoa,Outlying Area
US,US-AZ,Arizona,State
US,US-CA,California,State
US,US-CO,Colorado,State
US,US-CT,Connecticut,State
US,US-DC,Washington D.C.,District
US,US-DE,Delaware,State
US,US-FL,Florida,State
US,US-GA,Georgia,State
US,US-GU,Guam,Outlying Area
US,US-HI,Hawaii,State
US,US-IA,Iowa,State
US,US-ID,Idaho,State
US,US-IL,Illinois,State
US,US-IN,Indiana,State
US,US-KS,Kansas,State
US,US-KY,Kentucky,State
US,US-LA,Louisiana,State
US,US-MA,Massachusetts,State
US,US-MD,Maryland,State
US,US-ME,Maine,State
US,US-MI,Michigan,State
US,US-MN,Minnesota,State
US,US-MO,Missouri,State
US,US-MP,Northern Mariana Islands,Outlying Area
US,US-MS,Mississippi,State
US,US-MT,Montana,State
US,US-NC,North Carolina,State
US,US-ND,North Dakota,State
US,US-NE,Nebraska,State
US,US-NH,New Hampshire,State
US,US-NJ,New Jersey,State
US,US-NM,New Mexico,State
US,US-NV,Nevada,State
US,US-NY,New York,State
US,US-OH,Ohio,State
US,US-OK,Oklahoma,State
US,US-OR,Oregon,State
US,US-PA,Pennsylvania,State
US,US-PR,Puerto Rico,Outlying Area
US,US-RI,Rhode Island,State
US,US-SC,South Carolina,State
US,US-SD,South Dakota,State
US,US-TN,Tennessee,State
US,US-TX,Texas,State
US,US-UM,United States Minor Outlying Islands,Outlying Area
US,US-UT,Utah,State
US,US-VA,Virginia,State
US,US-VI,Virgin Islands,Outlying Area
US,US-VT,Vermont,State
US,US-WA,Washington,State
US,US-WI,Wisconsin,State
US,US-WV,West Virginia,State
US,US-WY,Wyoming,State
UY,UY-AR,José Gervasio Artigas,Department
UY,UY-DU,Durazno,Department
UY,UY-FD,Florida,Department
UY,UY-FS,Flores,Department
UY,UY-LA,Lavalleja Department,Department
UY,UY-MA,Maldonado,Department
UY,UY-MO,Montevideo,Department
UY,UY-PA,Paysandú,Department
UY,UY-RN,Rio Negro,Department
UY,UY-RO,Rocha,Department
UY,UY-RV,Rivera,Department
UY,UY-SA,Salto,Department
UY,UY-SJ,San José,Department
UY,UY-SO,Soriano,Department
UY,UY-TA,Tacuarembó,Department
UY,UY-TT,Treinta y Tres,Department
UZ,UZ-AN,Andijan,Region
UZ,UZ-BU,Bukhara,Region
UZ,UZ-FA,Fergana,Region
UZ,UZ-JI,Jizzakh,Region
UZ,UZ-NG,Namangan,Region
UZ,UZ-NW,Navoiy,Region
UZ,UZ-QA,Qashqadaryo,Region
UZ,UZ-QR,Karakalpakstan,Republic
UZ,UZ-SA,Samarkand,Region
UZ,UZ-SI,Sirdaryo,Region
UZ,UZ-SU,Surxondaryo,Region
UZ,UZ-TK,Toshkent City,City
UZ,UZ-TO,Tashkent,Region
UZ,UZ-XO,Khwarezm,Region
VC,VC-01,Charlotte,Parish
VC,VC-02,Saint Andrew,Parish
VC,VC-03,Saint David,Parish
VC,VC-04,Saint George,Parish
VC,VC-05,Saint Patrick,Parish
VC,VC-06,Grenadines,Parish
VE,VE-A,Distrito Federal,Federal District
VE,VE-B,Anzoátegui,State
VE,VE-C,Apure,State
VE,VE-D,Aragua,State
VE,VE-E,Barinas,State
VE,VE-F,Simón Bolívar,State
VE,VE-G,Carabobo,State
VE,VE-H,Cojedes,State
VE,VE-I,Falcón,State
VE,VE-J,Guárico,State
VE,VE-K,Lara,State
VE,VE-L,Mérida,State
VE,VE-M,Miranda,State
VE,VE-N,Monagas,State
VE,VE-O,Nueva Esparta,State
VE,VE-P,Portuguesa,State
VE,VE-R,Sucre,State
VE,VE-S,Táchira,State
VE,VE-T,Trujillo,State
VE,VE-U,Yaracuy,State
VE,VE-V,Zulia,State
VE,VE-W,Federal Dependencies of Venezuela,Federal Dependency
VE,VE-X,Vargas,State
VE,VE-Y,Delta Amacuro,State
VE,VE-Z,Amazonas,State
VN,VN-01,Lai Chau,Province
VN,VN-02,Lao Cai,Province
VN,VN-03,Ha Giang,Province
VN,VN-04,Cao Bang,Province
VN,VN-05,Son La,Province
VN,VN-06,Yen Bai,Province
VN,VN-07,Tuyen Quang,Province
VN,VN-09,Lang Son,Province
VN,VN-13,Quang Ninh province,Province
VN,VN-14,Hoa Binh,Province
VN,VN-15,Ha Tay province,Province
VN,VN-18,Ninh Binh,Province
VN,VN-20,Thai Binh,Province
VN,VN-21,Thanh Hóa,Province
VN,VN-22,Nghe An province,Province
VN,VN-23,Ha Tinh,Province
VN,VN-24,Quang Binh province,Province
VN,VN-25,Quang Tri,Province
VN,VN-26,Thua Thien – Hue province,Province
VN,VN-27,Quang Nam province,Province
VN,VN-28,Kon Tum,Province
VN,VN-29,Quang Ngai,Province
VN,VN-30,Gia Lai province,Province
VN,VN-31,Binh Dinh province,Province
VN,VN-32,Phu Yen province,Province
VN,VN-33,Dak Lak province,Province
VN,VN-34,Khanh Hoa province,Province
VN,VN-35,Lam Dong province,Province
VN,VN-36,Ninh Thuan province,Province
VN,VN-37,Tay Ninh,Province
VN,VN-39,Dong Nai,Province
VN,VN-40,Binh Thuan province,Province
VN,VN-41,Long An province,Province
VN,VN-43,Ba Ria–Vung Tau province,Province
VN,VN-44,An Giang province,Province
VN,VN-45,Dong Thap province,Province
VN,VN-46,Tien Giang province,Province
VN,VN-47,Kien Giang province,Province
VN,VN-48,C?n Th?,Province
VN,VN-49,Vinh Long,Province
VN,VN-50,Ben Tre,Province
VN,VN-51,Tra Vinh,Province
VN,VN-52,Soc Trang,Province
VN,VN-53,Bac Kan,Province
VN,VN-54,Bac Giang,Province
VN,VN-55,Bac Lieu,Province
VN,VN-56,Bac Ninh,Province
VN,VN-57,Binh Duong province,Province
VN,VN-58,Binh Phuoc province,Province
VN,VN-59,Ca Mau,Province
VN,VN-60,Da Nang,Province
VN,VN-61,Hai Duong,Province
VN,VN-62,Hai Phong,Province
VN,VN-63,Ha Nam province,Province
VN,VN-64,Ha Noi,Province
VN,VN-65,Ho Chi Minh,Province
VN,VN-66,Hung Yen,Province
VN,VN-67,Nam Dinh,Province
VN,VN-68,Phu Tho,Province
VN,VN-69,Thái Nguyên,Province
VN,VN-70,Vinh Phuc province,Province
VN,VN-71,Dien Bien province,Province
VN,VN-72,Dak Nong province,Province
VN,VN-73,Hau Giang province,Province
VN,VN-CT,C?n Th?,Municipality
VN,VN-DN,Da Nang,Municipality
VN,VN-HN,Hanoi,Municipality
VN,VN-HP,Hai Phong,Municipality
VN,VN-SG,Ho Chi Minh,Municipality
VU,VU-MAP,Malampa Province,Province
VU,VU-PAM,Penama Province,Province
VU,VU-SAM,Sanma,Province
VU,VU-SEE,Shefa Province,Province
VU,VU-TAE,Tafea Province,Province
VU,VU-TOB,Torba,Province
WS,WS-AL,Aiga-i-le-Tai,District
WS,WS-AT,Atua,District
WS,WS-PA,Palauli,District
WS,WS-TU,Tuamasaga,District
WS,WS-VS,Vaisigano,District
YE,YE-AB,Abyan Governorate,Governorate
YE,YE-AD,?Adan,Governorate
YE,YE-AM,`Amran,Governorate
YE,YE-DA,Ad D?li‘,Governorate
YE,YE-DH,Dhamar,Governorate
YE,YE-HD,Hadhramaut,Governorate
YE,YE-HJ,Hajjah,Governorate
YE,YE-HU,Al ?udaydah,Governorate
YE,YE-IB,Ibb,Governorate
YE,YE-JA,Al Jawf,Governorate
YE,YE-LA,La?ij,Governorate
YE,YE-MR,Al Mahrah Governorate,Governorate
YE,YE-MW,Al Mahwit,Governorate
YE,YE-RA,Raymah,Governorate
YE,YE-SA,?an‘?,Municipality
YE,YE-SH,Shabwah Governorate,Governorate
YE,YE-SN,San??,Governorate
YE,YE-TA,Ta?izz,Governorate
ZA,ZA-EC,Eastern Cape,Province
ZA,ZA-FS,Free state,Province
ZA,ZA-GT,Gauteng,Province
ZA,ZA-LP,Limpopo,Province
ZA,ZA-MP,Mpumalanga,Province
ZA,ZA-NC,Northern Cape,Province
ZA,ZA-NL,KwaZulu-Natal,Province
ZA,ZA-NW,Northwest,Province
ZA,ZA-WC,Western Cape,Province
ZM,ZM-01,Western,Province
ZM,ZM-02,Central,Province
ZM,ZM-03,Eastern,Province
ZM,ZM-04,Luapula River,Province
ZM,ZM-05,Northern,Province
ZM,ZM-06,North-Western,Province
ZM,ZM-07,Southern,Province
ZM,ZM-08,Copperbelt,Province
ZM,ZM-09,Lusaka,Province
ZW,ZW-BU,Bulawayo,City
ZW,ZW-HA,Harare,City
ZW,ZW-MA,Manicaland Province,Province
ZW,ZW-MC,Mashonaland Central Province,Province
ZW,ZW-ME,Mashonaland East Province,Province
ZW,ZW-MI,Midlands,Province
ZW,ZW-MN,Matabeleland North Province,Province
ZW,ZW-MS,Matabeleland South Province,Province
ZW,ZW-MV,Masvingo,Province
ZW,ZW-MW,Mashonaland West Province,Province
